"Before importing CSV, delete initial column and rows above the CSVHEADER row","","","","","","","","","","","","","","","","","","","","","","","","","","","","","","","","","","","","","","","","","","","","","","","","","","","","","","",""
REQUIRED,y,n,n,n,n,n,n,n,n,n,n,n,n,n,n,n,n,n,n,n,n,n,n,n,n,n,n,n,n,n,n,n,n,n,n,n,n,n,n,n,n,n,n,n,n,n,n,n,n,n,n,n,n,n,n
DATA TYPE,string,string,date,string,string,string,string,string,string,string,string,string,string,date,date,date,string,string,date,string,date,string,string,date,string,boolean,string,string,string,string,string,float,float,float,date,string,string,date,string,string,string,date,date,date,string,string,string,string,date,date,string,string,float,string,string
REPEATABLE FIELD?,n,n,n,n,y,y,y,n,n,n,n,n,n,n,n,n,n,n,n,n,n,n,n,n,n,n,n,n,n,n,n,n,n,n,n,n,n,n,y,n,n,n,n,n,n,n,n,n,n,n,n,n,n,n,n
REPEATING FIELD GROUP,"",conservationStatusGroupList < conservationStatusGroup,conservationStatusGroupList < conservationStatusGroup,"","","","",otherPartyGroupList < otherPartyGroup,otherPartyGroupList < otherPartyGroup,otherPartyGroupList < otherPartyGroup,otherPartyGroupList < otherPartyGroup,"","","","","","",futureTreatmentGroupList < futureTreatmentGroup,futureTreatmentGroupList < futureTreatmentGroup,futureTreatmentGroupList < futureTreatmentGroup,destAnalysisGroupList < destAnalysisGroup,destAnalysisGroupList < destAnalysisGroup,destAnalysisGroupList < destAnalysisGroup,destAnalysisGroupList < destAnalysisGroup,destAnalysisGroupList < destAnalysisGroup,destAnalysisGroupList < destAnalysisGroup,destAnalysisGroupList < destAnalysisGroup,"","",fertilizationGroupList < fertilizationGroup,fertilizationGroupList < fertilizationGroup,fertilizationGroupList < fertilizationGroup,fertilizationGroupList < fertilizationGroup,fertilizationGroupList < fertilizationGroup,fertilizationGroupList < fertilizationGroup,fertilizationGroupList < fertilizationGroup,fertilizationGroupList < fertilizationGroup,fertilizationGroupList < fertilizationGroup,fertilizationGroupList < fertilizationGroup < fertilizersToBeUsed,pestsAndDiseaseGroupList < pestsAndDiseaseGroup,pestsAndDiseaseGroupList < pestsAndDiseaseGroup,pestsAndDiseaseGroupList < pestsAndDiseaseGroup,pestsAndDiseaseGroupList < pestsAndDiseaseGroup,pestsAndDiseaseGroupList < pestsAndDiseaseGroup,pestsAndDiseaseGroupList < pestsAndDiseaseGroup,pestsAndDiseaseGroupList < pestsAndDiseaseGroup,pestsAndDiseaseGroupList < pestsAndDiseaseGroup,pestsAndDiseaseGroupList < pestsAndDiseaseGroup,"","","","","","",""
VALUE SOURCE TYPE,na,vocabulary,na,vocabulary,vocabulary,authority,authority,authority,authority,vocabulary,na,na,authority,na,na,na,na,vocabulary,na,na,na,na,authority,na,na,na,na,na,na,vocabulary,authority,na,na,na,na,na,na,na,na,vocabulary,authority,na,na,na,authority,na,na,na,na,na,vocabulary,na,na,authority,na
VALUE SOURCE,"",conservationstatus,"",treatmentpurpose,treatmentperformed,person/local,organization/local,person/local,organization/local,otherpartyrole,"","",person/local,"","","","",futuretreatment,"","","","",person/local,"","","","","","",fertilizerused,person/local,"","","","","","","","",pestordiseaseobserved,person/local,"","","",person/local,"","","","","",soilmix,"","",person/local,""
CSVHEADER,conservationNumber,status,statusDate,treatmentPurpose,treatmentPerformed,conservatorPersonLocal,conservatorOrganizationLocal,otherPartyPersonLocal,otherPartyOrganizationLocal,otherPartyRole,otherPartyNote,proposedTreatment,approvedByPersonLocal,approvedDate,treatmentStartDate,treatmentEndDate,treatmentSummary,futureTreatment,futureTreatmentDate,futureTreatmentNote,destAnalysisApprovedDate,destAnalysisApprovalNote,sampleByPersonLocal,sampleDate,sampleDescription,sampleReturned,sampleReturnedLocation,analysisMethod,analysisResults,fertilizerUsed,appliedByPersonLocal,nitrogenPercent,phosphorusPercent,potassiumPercent,applicationDate,amountApplied,fertilizationNotes,nextApplicationDate,fertilizerToBeUsed,pestOrDiseaseObserved,identifiedByPersonLocal,dateObserved,treatmentDate,pestsAndDiseaseGroup_futureTreatmentDate,treatedByPersonLocal,treatedWith,pestsAndDiseaseGroup_futureTreatment,futureTreatmentNotes,dateRepotted,nextRepotting,soilMix,description,container,performedByPersonLocal,plannedTreatment
