"Before importing CSV, delete initial column and rows above the CSVHEADER row","","","","","","","","","","","","","","","","","","","","","","","","","","","",""
REQUIRED,y,n,n,n,n,n,n,n,n,n,n,n,n,n,n,n,n,n,n,n,n,n,n,n,n,n,n,n
DATA TYPE,string,date,string,string,string,string,string,date,string,date,string,string,date,string,date,string,string,string,string,string,string,string,date,date,string,date,string,date
REPEATABLE FIELD?,n,n,n,n,n,n,n,n,n,n,n,n,n,n,n,n,n,n,n,n,n,n,n,n,n,n,n,n
REPEATING FIELD GROUP,"","","","","","","","",completenessGroupList < completenessGroup,completenessGroupList < completenessGroup,completenessGroupList < completenessGroup,techAssessmentGroupList < techAssessmentGroup,techAssessmentGroupList < techAssessmentGroup,conditionCheckGroupList < conditionCheckGroup,conditionCheckGroupList < conditionCheckGroup,conditionCheckGroupList < conditionCheckGroup,"","","","","",legalReqsHeldGroupList < legalReqsHeldGroup,legalReqsHeldGroupList < legalReqsHeldGroup,legalReqsHeldGroupList < legalReqsHeldGroup,legalReqsHeldGroupList < legalReqsHeldGroup,legalReqsHeldGroupList < legalReqsHeldGroup,salvagePriorityCodeGroupList < salvagePriorityCodeGroup,salvagePriorityCodeGroupList < salvagePriorityCodeGroup
VALUE SOURCE TYPE,na,na,authority,authority,na,optionlist,optionlist,na,optionlist,na,na,na,na,optionlist,na,na,na,na,na,na,na,na,na,na,na,na,optionlist,na
VALUE SOURCE,"","",person/local,organization/local,"","high, low, medium","high, low, medium","","complete, fragmented, incomplete","","","","","exhibitableneedswork, injeopardy, needsnowork, notexhibitablestable","","","","","","","","","","","","","high, low, medium",""
CSVHEADER,conditionCheckRefNumber,conditionCheckAssessmentDate,conditionCheckerPersonLocal,conditionCheckerOrganizationLocal,conditionCheckNote,objectAuditCategory,conservationTreatmentPriority,nextConditionCheckDate,completeness,completenessDate,completenessNote,techAssessment,techAssessmentDate,condition,conditionDate,conditionNote,displayRecommendations,handlingRecommendations,envRecommendations,specialRequirements,legalRequirements,legalReqsHeld,legalReqsHeldBeginDate,legalReqsHeldEndDate,legalReqsHeldNumber,legalReqsHeldRenewDate,salvagePriorityCode,salvagePriorityCodeDate
