"Before importing CSV, delete initial column and rows above the CSVHEADER row","","","","","","","","","","","","","","","","","","","","","","","","","","","","","","","","","","","","","","","","","","","","","","","","","","","","","","","","","","","","","","","","","","","",""
REQUIRED,y,n,n,n,n,n,n,n,n,n,n,n,n,n,n,n,n,n,n,n,n,n,n,n,n,n,n,n,n,n,n,n,n,n,n,n,n,n,n,n,n,n,n,n,n,n,n,n,n,n,n,n,n,n,n,n,n,n,n,n,n,n,n,n,n,n,n,n
DATA TYPE,string,string,string,string,string,string,string,string,boolean,string,string,structured date group,string,string,string,string,string,string,string,string,string,structured date group,string,string,string,string,string,string,string,string,string,string,string,string,string,string,string,string,string,string,string,string,string,float,float,float,float,float,float,string,string,float,float,string,integer,string,string,string,string,string,string,string,structured date group,string,string,string,string,string
REPEATABLE FIELD?,n,n,n,n,n,n,n,n,n,n,n,n,n,n,n,n,n,n,n,n,n,n,n,n,n,n,n,n,n,n,n,n,n,n,n,n,n,n,n,n,n,n,n,n,n,n,n,n,n,n,n,n,n,n,n,n,n,n,n,n,n,n,n,n,n,n,n,n
REPEATING FIELD GROUP,placeTermGroupList < placeTermGroup,placeTermGroupList < placeTermGroup,placeTermGroupList < placeTermGroup,placeTermGroupList < placeTermGroup,placeTermGroupList < placeTermGroup,placeTermGroupList < placeTermGroup,placeTermGroupList < placeTermGroup,placeTermGroupList < placeTermGroup,placeTermGroupList < placeTermGroup,placeTermGroupList < placeTermGroup,placeTermGroupList < placeTermGroup,placeTermGroupList < placeTermGroup,placeTermGroupList < placeTermGroup,placeTermGroupList < placeTermGroup,placeTermGroupList < placeTermGroup,placeTermGroupList < placeTermGroup,placeTermGroupList < placeTermGroup,"","",placeOwnerGroupList < placeOwnerGroup,placeOwnerGroupList < placeOwnerGroup,placeOwnerGroupList < placeOwnerGroup,placeOwnerGroupList < placeOwnerGroup,"",addrGroupList < addrGroup,addrGroupList < addrGroup,addrGroupList < addrGroup,addrGroupList < addrGroup,addrGroupList < addrGroup,addrGroupList < addrGroup,addrGroupList < addrGroup,addrGroupList < addrGroup,addrGroupList < addrGroup,addrGroupList < addrGroup,"","","","","","","","","","","","","","","","","",placeGeoRefGroupList < placeGeoRefGroup,placeGeoRefGroupList < placeGeoRefGroup,placeGeoRefGroupList < placeGeoRefGroup,placeGeoRefGroupList < placeGeoRefGroup,placeGeoRefGroupList < placeGeoRefGroup,placeGeoRefGroupList < placeGeoRefGroup,placeGeoRefGroupList < placeGeoRefGroup,placeGeoRefGroupList < placeGeoRefGroup,placeGeoRefGroupList < placeGeoRefGroup,placeGeoRefGroupList < placeGeoRefGroup,placeGeoRefGroupList < placeGeoRefGroup,placeGeoRefGroupList < placeGeoRefGroup,placeGeoRefGroupList < placeGeoRefGroup,placeGeoRefGroupList < placeGeoRefGroup,placeGeoRefGroupList < placeGeoRefGroup,placeGeoRefGroupList < placeGeoRefGroup,placeGeoRefGroupList < placeGeoRefGroup
VALUE SOURCE TYPE,na,na,na,optionlist,optionlist,vocabulary,optionlist,vocabulary,na,na,na,na,authority,authority,na,na,na,optionlist,na,authority,authority,na,na,na,na,na,authority,authority,authority,authority,na,authority,authority,vocabulary,na,na,na,optionlist,optionlist,na,na,na,optionlist,na,na,na,na,na,na,na,na,na,na,optionlist,na,na,na,na,na,na,authority,authority,na,optionlist,na,optionlist,na,na
VALUE SOURCE,"","","","accepted, provisional, rejected, under review","common, descriptive, local, native, non-native, spelling-variant, technical-scientific",placetermflag,"both, current, historical",languages,"","","","",citation/local,citation/worldcat,"","","","autonomous-region, borough, city, collection-site, continent, country, country-code, county, dependent-state, deserted-settlement, district-national, general-region, governorate, inhabited-place, island, island-group, localilty, metropolitan-area, municipality, nation, national-division, neighborhood, occupied-territory, prefecture, province, region, state, state-province, territory, township, union-territory, unitary-authority, urban-prefecture, water-body","",person/local,organization/local,"","","","","",place/local,place/tgn,place/local,place/tgn,"",place/local,place/tgn,addresstype,"","","","altitude-depth, latitude-longitude, national-grid-reference, utm","epsg4267-nad27, epsg4269-nad83, epsg4326-wgs84, unknown","","","","acres, centimeters, feet, hectares, inches, kilometers, meters, miles, millimeters, square-feet, square-meters, square-yards, stories","","","","","","","","","","","epsg4267-nad27, epsg4269-nad83, epsg4326-wgs84, unknown","","","","","","",person/local,organization/local,"","biogeomancer, chapman-wieczorek-2006-guide-best-practices-georeferencing, georeferencing-dummies, manis-herpnet-ornis-georeferencing-guidelines","","unverified, verified-contributor, verified-data-custodian","",""
CSVHEADER,termDisplayName,termName,termQualifier,termStatus,termType,termFlag,historicalStatus,termLanguage,termPrefForLang,nameAbbrev,nameNote,nameDateGroup,termSourceCitationLocal,termSourceCitationWorldcat,termSourceDetail,termSourceID,termSourceNote,placeType,placeSource,ownerPersonLocal,ownerOrganizationLocal,ownershipDateGroup,ownershipNote,placeNote,addressPlace1,addressPlace2,addressMunicipalityPlaceLocal,addressMunicipalityPlaceTgn,addressStateOrProvincePlaceLocal,addressStateOrProvincePlaceTgn,addressPostCode,addressCountryPlaceLocal,addressCountryPlaceTgn,addressType,vCoordinates,vLatitude,vLongitude,vCoordSys,vSpatialReferenceSystem,vElevation,vDepth,vDistanceAboveSurface,vUnitofMeasure,minElevationInMeters,maxElevationInMeters,minDepthInMeters,maxDepthInMeters,minDistanceAboveSurfaceInMeters,maxDistanceAboveSurfaceInMeters,vCoordSource,vCoordSourceRefId,decimalLatitude,decimalLongitude,geodeticDatum,coordUncertaintyInMeters,coordPrecision,pointRadiusSpatialFit,footprintWKT,footprintSRS,footprintSpatialFit,geoReferencedByPersonLocal,geoReferencedByOrganizationLocal,geoRefDateGroup,geoRefProtocol,geoRefSource,geoRefVerificationStatus,geoRefRemarks,geoRefPlaceName
