"Before importing CSV, delete initial column and rows above the CSVHEADER row","","","","","","","","","","","","","","","","","","","","",""
REQUIRED,y,n,n,n,n,n,n,n,n,n,n,n,n,n,n,n,n,n,n,n,n
DATA TYPE,string,string,string,string,string,date,string,string,string,string,string,date,string,string,date,string,string,date,date,date,string
REPEATABLE FIELD?,n,n,n,n,n,n,n,n,n,n,n,n,n,n,n,n,n,n,n,n,n
REPEATING FIELD GROUP,"","",loanStatusGroupList < loanStatusGroup,loanStatusGroupList < loanStatusGroup,loanStatusGroupList < loanStatusGroup,loanStatusGroupList < loanStatusGroup,loanStatusGroupList < loanStatusGroup,lenderGroupList < lenderGroup,lenderGroupList < lenderGroup,lenderGroupList < lenderGroup,lenderGroupList < lenderGroup,lenderGroupList < lenderGroup,"","","","","","","","",""
VALUE SOURCE TYPE,na,optionlist,vocabulary,authority,vocabulary,na,na,authority,authority,authority,authority,na,authority,authority,na,na,na,na,na,na,na
VALUE SOURCE,"","analysis, conservationotherrequestedservices, exhibition, longtermcollectionsmanagementandstorage, photography, research, scientificorexhibitpreparation",deaccessionapprovalgroup,person/local,loanoutstatus,"","",person/local,organization/local,person/local,person/local,"",person/local,person/local,"","","","","","",""
CSVHEADER,loanInNumber,loanPurpose,loanGroup,loanIndividualPersonLocal,loanStatus,loanStatusDate,loanStatusNote,lenderPersonLocal,lenderOrganizationLocal,lendersContactPersonLocal,lendersAuthorizerPersonLocal,lendersAuthorizationDate,borrowersContactPersonLocal,borrowersAuthorizerPersonLocal,borrowersAuthorizationDate,loanInConditions,loanInNote,loanInDate,loanReturnDate,loanRenewalApplicationDate,creditLine
