"Before importing CSV, delete initial column and rows above the CSVHEADER row","","","","","","","","","","","","","","","","","","","","","","","","","","","","","","","","","","","","","","","","","","","","","","","","","","","","",""
REQUIRED,y,n,n,n,n,n,n,n,n,n,n,n,n,n,n,n,n,n,n,n,n,n,n,n,n,n,n,n,n,n,n,n,n,n,n,n,n,n,n,n,n,n,n,n,n,n,n,n,n,n,n,n,n
DATA TYPE,string,date,string,string,date,string,string,string,string,string,string,string,string,date,string,string,string,date,string,string,string,string,string,string,string,string,string,string,string,string,string,string,date,string,string,string,string,string,string,string,string,date,string,string,string,string,string,string,string,string,date,string,string
REPEATABLE FIELD?,n,n,n,y,n,y,y,n,n,n,n,n,n,n,n,n,n,n,y,n,n,n,y,y,y,y,n,n,n,y,y,n,n,n,n,n,n,n,n,n,n,n,n,n,n,n,y,y,y,y,n,n,n
REPEATING FIELD GROUP,"","","","","","","",depositorGroupList < depositorGroup,depositorGroupList < depositorGroup,depositorGroupList < depositorGroup,approvalGroupList < approvalGroup,approvalGroupList < approvalGroup,approvalGroupList < approvalGroup,approvalGroupList < approvalGroup,approvalGroupList < approvalGroup,"","","","","","","","","","","","","","","","","","","","",currentLocationGroupList < currentLocationGroup,currentLocationGroupList < currentLocationGroup,currentLocationGroupList < currentLocationGroup,currentLocationGroupList < currentLocationGroup,currentLocationGroupList < currentLocationGroup,currentLocationGroupList < currentLocationGroup,"","","","","","","","","","","",""
VALUE SOURCE TYPE,na,na,optionlist,vocabulary,na,authority,authority,authority,authority,na,vocabulary,authority,vocabulary,na,na,na,na,na,vocabulary,na,na,na,authority,authority,authority,na,authority,authority,na,authority,authority,na,na,na,na,authority,authority,authority,authority,vocabulary,na,na,authority,authority,authority,authority,vocabulary,vocabulary,authority,authority,na,na,na
VALUE SOURCE,"","","commission, consideration, enquiry, loan",entrymethod,"",person/local,organization/local,person/local,organization/local,"",deaccessionapprovalgroup,person/local,deaccessionapprovalstatus,"","","","","",collectionmethod,"","","",person/local,person/local,organization/local,"",person/local,organization/local,"",person/local,organization/local,"","","","",location/local,location/offsite,organization/local,place/local,conditionfitness,"","",location/local,location/offsite,organization/local,place/local,conditioncheckmethod,conditioncheckreason,person/local,organization/local,"","",""
CSVHEADER,entryNumber,entryDate,entryReason,entryMethod,returnDate,currentOwnerPersonLocal,currentOwnerOrganizationLocal,depositorPersonLocal,depositorOrganizationLocal,depositorsRequirements,approvalGroup,approvalIndividualPersonLocal,approvalStatus,approvalDate,approvalNote,entryNote,packingNote,fieldCollectionDate,fieldCollectionMethod,fieldCollectionNote,fieldCollectionNumber,fieldCollectionPlace,fieldCollectionSourcePersonLocal,fieldCollectorPersonLocal,fieldCollectorOrganizationLocal,fieldCollectionEventName,valuerPersonLocal,valuerOrganizationLocal,valuationReferenceNumber,insurerPersonLocal,insurerOrganizationLocal,insurancePolicyNumber,insuranceRenewalDate,insuranceReferenceNumber,insuranceNote,currentLocationLocationLocal,currentLocationLocationOffsite,currentLocationOrganizationLocal,currentLocationPlaceLocal,currentLocationFitness,currentLocationNote,locationDate,normalLocationLocationLocal,normalLocationLocationOffsite,normalLocationOrganizationLocal,normalLocationPlaceLocal,conditionCheckMethod,conditionCheckReason,conditionCheckerOrAssessorPersonLocal,conditionCheckerOrAssessorOrganizationLocal,conditionCheckDate,conditionCheckReferenceNumber,conditionCheckNote
