"Before importing CSV, delete initial column and rows above the CSVHEADER row","","","","","","","","","","","","","","","","","","","","","","","","","","","","","","","","",""
REQUIRED,y,n,n,n,n,n,n,n,n,n,n,n,n,n,n,n,n,n,n,n,n,n,n,n,n,n,n,n,n,n,n,n,n
DATA TYPE,string,structured date group,string,string,integer,string,string,string,string,string,string,string,string,date,string,string,string,date,string,date,date,string,string,string,string,string,string,string,float,string,float,string,string
REPEATABLE FIELD?,n,n,n,y,n,n,n,n,n,n,n,n,n,n,n,n,n,n,n,n,n,n,n,n,n,n,n,n,n,n,n,n,n
REPEATING FIELD GROUP,"","","","","","","","","","","","","","",deacApprovalGroupList < deacApprovalGroup,deacApprovalGroupList < deacApprovalGroup,deacApprovalGroupList < deacApprovalGroup,deacApprovalGroupList < deacApprovalGroup,deacApprovalGroupList < deacApprovalGroup,"","","","","","","","","","","","","",""
VALUE SOURCE TYPE,na,na,optionlist,optionlist,na,authority,authority,authority,authority,na,na,na,authority,na,vocabulary,authority,vocabulary,na,na,na,na,vocabulary,na,authority,authority,authority,authority,vocabulary,na,vocabulary,na,na,na
VALUE SOURCE,"","","broken, deaccession, dead, deadandbroken, disposal, fundraiser, missing, other, returnofloan","courier, garbage, inperson, post","",person/local,organization/local,person/local,organization/local,"","","",person/local,"",deaccessionapprovalgroup,person/local,deaccessionapprovalstatus,"","","","",disposalmethod,"",person/local,organization/local,person/local,organization/local,currency,"",currency,"","",""
CSVHEADER,exitNumber,exitDateGroup,exitReason,exitMethod,exitQuantity,currentOwnerPersonLocal,currentOwnerOrganizationLocal,depositorPersonLocal,depositorOrganizationLocal,exitNote,packingNote,displosalNewObjectNumber,deaccessionAuthorizerPersonLocal,authorizationDate,deaccessionApprovalGroup,deaccessionApprovalIndividualPersonLocal,deaccessionApprovalStatus,deaccessionApprovalDate,deaccessionApprovalNote,deaccessionDate,disposalDate,disposalMethod,displosalReason,disposalProposedRecipientPersonLocal,disposalProposedRecipientOrganizationLocal,disposalRecipientPersonLocal,disposalRecipientOrganizationLocal,disposalCurrency,displosalValue,groupDisposalCurrency,groupDisplosalValue,displosalProvisos,displosalNote
