"Before importing CSV, delete initial column and rows above the CSVHEADER row","","","","","",""
REQUIRED,y,n,n,n,n,n
DATA TYPE,string,string,string,date,date,string
REPEATABLE FIELD?,n,n,n,n,n,n
REPEATING FIELD GROUP,"","","","","",""
VALUE SOURCE TYPE,na,optionlist,authority,na,na,na
VALUE SOURCE,"","antiquities, architecture-design, decorative-arts, ethnography, library, media-performance-art, paintings-sculpture, photographs, prints-drawings",person/local,"","",""
CSVHEADER,title,responsibleDepartment,ownerPersonLocal,groupEarliestSingleDate,groupLatestDate,scopeNote
