"Before importing CSV, delete initial column and rows above the CSVHEADER row","","","","","","","","","","","","","","","","","","","","","","","","","","","","","","","",""
REQUIRED,y,n,n,n,n,n,n,n,n,n,n,n,n,n,n,n,n,n,n,n,n,n,n,n,n,n,n,n,n,n,n,n
DATA TYPE,string,string,string,string,string,string,string,boolean,string,string,string,string,string,string,structured date group,string,string,string,string,string,string,string,string,string,string,string,string,string,string,string,string,string
REPEATABLE FIELD?,n,n,n,n,n,n,n,n,n,n,n,n,n,n,y,n,n,n,n,n,n,n,n,n,n,n,n,n,n,n,n,n
REPEATING FIELD GROUP,workTermGroupList < workTermGroup,workTermGroupList < workTermGroup,workTermGroupList < workTermGroup,workTermGroupList < workTermGroup,workTermGroupList < workTermGroup,workTermGroupList < workTermGroup,workTermGroupList < workTermGroup,workTermGroupList < workTermGroup,workTermGroupList < workTermGroup,workTermGroupList < workTermGroup,workTermGroupList < workTermGroup,workTermGroupList < workTermGroup,workTermGroupList < workTermGroup,"","","",creatorGroupList < creatorGroup,creatorGroupList < creatorGroup,creatorGroupList < creatorGroup,publisherGroupList < publisherGroup,publisherGroupList < publisherGroup,publisherGroupList < publisherGroup,addrGroupList < addrGroup,addrGroupList < addrGroup,addrGroupList < addrGroup,addrGroupList < addrGroup,addrGroupList < addrGroup,addrGroupList < addrGroup,addrGroupList < addrGroup,addrGroupList < addrGroup,addrGroupList < addrGroup,addrGroupList < addrGroup
VALUE SOURCE TYPE,na,na,na,optionlist,na,vocabulary,vocabulary,na,authority,authority,na,na,na,vocabulary,na,na,authority,authority,vocabulary,authority,authority,vocabulary,na,na,authority,authority,authority,authority,na,authority,authority,vocabulary
VALUE SOURCE,"","","","complete, inprogress, quickaddedneedsattention","",worktermflag,languages,"",citation/local,citation/worldcat,"","","",worktype,"","",person/local,organization/local,workcreatortype,person/local,organization/local,workpublishertype,"","",place/local,place/tgn,place/local,place/tgn,"",place/local,place/tgn,addresstype
CSVHEADER,termDisplayName,termName,termQualifier,termStatus,termType,termFlag,termLanguage,termPrefForLang,termSourceCitationLocal,termSourceCitationWorldcat,termSourceDetail,termSourceID,termSourceNote,workType,workDateGroup,workHistoryNote,creatorPersonLocal,creatorOrganizationLocal,creatorType,publisherPersonLocal,publisherOrganizationLocal,publisherType,addressPlace1,addressPlace2,addressMunicipalityPlaceLocal,addressMunicipalityPlaceTgn,addressStateOrProvincePlaceLocal,addressStateOrProvincePlaceTgn,addressPostCode,addressCountryPlaceLocal,addressCountryPlaceTgn,addressType
