"Before importing CSV, delete initial column and rows above the CSVHEADER row","","","","","","","","","","","","","","","","","","","","","","","","","","","","","","","","","","","","","","","","","","","","","","","","","","","","",""
REQUIRED,y,n,n,n,n,n,n,n,n,n,n,n,n,n,n,n,n,n,n,n,n,n,n,n,n,n,n,n,n,n,n,n,n,n,n,n,n,n,n,n,n,n,n,n,n,n,n,n,n,n,n,n,n
DATA TYPE,string,string,string,string,string,date,date,string,string,string,string,string,string,string,string,string,string,string,string,string,string,string,date,string,string,string,string,date,string,string,string,date,string,string,string,date,string,string,string,date,string,string,string,date,string,string,string,date,string,string,string,string,date
REPEATABLE FIELD?,n,n,n,n,n,n,n,n,n,n,n,n,n,n,n,n,n,n,n,n,n,n,n,n,n,n,n,n,n,n,n,n,n,n,n,n,n,n,n,n,n,n,n,n,n,n,n,n,n,n,n,n,n
REPEATING FIELD GROUP,"",iterationCreatorGroupList < iterationCreatorGroup,iterationCreatorGroupList < iterationCreatorGroup,iterationCreatorGroupList < iterationCreatorGroup,iterationActionGroupList < iterationActionGroup,iterationActionGroupList < iterationActionGroup,iterationActionGroupList < iterationActionGroup,installerGroupList < installerGroup,installerGroupList < installerGroup,installerGroupList < installerGroup,presenceGroupList < presenceGroup,presenceGroupList < presenceGroup,presenceGroupList < presenceGroup,presenceGroupList < presenceGroup,evaluationGroupList < evaluationGroup,evaluationGroupList < evaluationGroup,"","","",spaceGroupList < spaceGroup,spaceGroupList < spaceGroup,spaceGroupList < spaceGroup,spaceGroupList < spaceGroup,spaceGroupList < spaceGroup,exhibitionGroupList < exhibitionGroup,exhibitionGroupList < exhibitionGroup,exhibitionGroupList < exhibitionGroup,exhibitionGroupList < exhibitionGroup,installedEquipmentGroupList < installedEquipmentGroup,installedEquipmentGroupList < installedEquipmentGroup,installedEquipmentGroupList < installedEquipmentGroup,installedEquipmentGroupList < installedEquipmentGroup,technicalSetupGroupList < technicalSetupGroup,technicalSetupGroupList < technicalSetupGroup,technicalSetupGroupList < technicalSetupGroup,technicalSetupGroupList < technicalSetupGroup,technicalSetupGroupList < technicalSetupGroup,iterationSpecificGroupList < iterationSpecificGroup,iterationSpecificGroupList < iterationSpecificGroup,iterationSpecificGroupList < iterationSpecificGroup,iterationSpecificGroupList < iterationSpecificGroup,installationGroupList < installationGroup,installationGroupList < installationGroup,installationGroupList < installationGroup,installationGroupList < installationGroup,maintenanceGroupList < maintenanceGroup,maintenanceGroupList < maintenanceGroup,maintenanceGroupList < maintenanceGroup,maintenanceGroupList < maintenanceGroup,securityGroupList < securityGroup,securityGroupList < securityGroup,securityGroupList < securityGroup,securityGroupList < securityGroup
VALUE SOURCE TYPE,na,authority,authority,vocabulary,optionlist,na,na,authority,vocabulary,na,optionlist,vocabulary,authority,na,optionlist,authority,optionlist,optionlist,na,vocabulary,authority,authority,na,na,na,authority,authority,na,na,authority,authority,na,vocabulary,authority,authority,na,na,authority,authority,na,na,authority,authority,na,na,vocabulary,authority,na,na,vocabulary,authority,authority,na
VALUE SOURCE,"",person/local,organization/local,iterationrole,"deinstallation, exhibition, exhibition update, installation","","",person/local,installerrole,"","deinstallation, exhibition, exhibition update, installation",artistpresence,person/local,"","no, partially, yes",person/local,"no, partially, yes","no, partially, yes","",iterationspacetype,person/local,organization/local,"","","",person/local,organization/local,"","",person/local,organization/local,"",techsetuptype,person/local,organization/local,"","",person/local,organization/local,"","",person/local,organization/local,"","",maintenancetype,person/local,"","",securityrequirements,person/local,organization/local,""
CSVHEADER,iterationIdentificationNumber,iterationCreatorPersonLocal,iterationCreatorOrganizationLocal,iterationCreatorRole,action,actionStartDate,actionEndDate,installerPersonLocal,installerRole,installerExtent,installDeinstall,artistPresent,artistOrRepresentativePersonLocal,presentExtent,iterationSuccessful,iterationEvaluatorPersonLocal,iterationViewed,iterationApproved,iterationEvaluationNotes,descriptionType,approvalEntityPersonLocal,approvalEntityOrganizationLocal,approvalDate,spaceDescription,exhibitionCopyIdentificationNumber,exhibitionApprovalEntityPersonLocal,exhibitionApprovalEntityOrganizationLocal,exhibitionApprovalDate,installedEquipmentDescription,installedEquipmentApprovalEntityPersonLocal,installedEquipmentApprovalEntityOrganizationLocal,installedEquipmentApprovalDate,technicalSetupType,technicalSetupApprovalEntityPersonLocal,technicalSetupApprovalEntityOrganizationLocal,technicalSetupApprovalDate,technicalSetupDescription,modificationApprovalEntityPersonLocal,modificationApprovalEntityOrganizationLocal,modificationApprovalDate,modificationDescription,installationApprovalEntityPersonLocal,installationApprovalEntityOrganizationLocal,installationApprovalDate,installationDescription,maintenanceType,maintenanceContactPersonLocal,maintenanceDate,maintenanceExtent,securityRequirements,securityApprovalEntityPersonLocal,securityApprovalEntityOrganizationLocal,securityApprovalDate
