"Before importing CSV, delete initial column and rows above the CSVHEADER row","","","","","","","","","","","","","","","","","","","","","","","","","","","","","","","","","","","","","","","","","","","","","","","","","","","","","","","","","","","","","","",""
REQUIRED,y,n,n,n,n,n,n,n,n,n,n,n,n,n,n,n,n,n,n,n,n,n,n,n,n,n,n,n,n,n,n,n,n,n,n,n,n,n,n,n,n,n,n,n,n,n,n,n,n,n,n,n,n,n,n,n,n,n,n,n,n,n,n
DATA TYPE,string,string,string,string,string,string,string,string,string,string,date,string,string,string,string,string,string,string,structured date group,string,date,string,date,string,date,string,date,string,date,string,date,string,date,string,string,date,string,boolean,string,boolean,string,boolean,string,boolean,string,boolean,string,boolean,string,boolean,string,boolean,string,boolean,string,boolean,string,boolean,string,boolean,string,boolean,string
REPEATABLE FIELD?,n,n,n,n,n,n,n,n,n,y,n,n,y,n,n,n,n,n,n,n,n,n,n,n,n,n,n,n,n,n,n,n,n,n,n,n,n,n,n,n,n,n,n,n,n,n,n,n,n,n,n,n,n,n,n,n,n,n,n,n,n,n,n
REPEATING FIELD GROUP,"","",nagpraClaimAltNameGroupList < nagpraClaimAltNameGroup,nagpraClaimAltNameGroupList < nagpraClaimAltNameGroup,claimantGroupList < claimantGroup,claimantGroupList < claimantGroup,claimantGroupList < claimantGroup,claimantGroupList < claimantGroup,claimantGroupList < claimantGroup,"",claimReceivedGroupList < claimReceivedGroup,claimReceivedGroupList < claimReceivedGroup,"",nagpraClaimSiteGroupList < nagpraClaimSiteGroup,nagpraClaimSiteGroupList < nagpraClaimSiteGroup,nagpraClaimGroupGroupList < nagpraClaimGroupGroup,nagpraClaimGroupGroupList < nagpraClaimGroupGroup,nagpraClaimGroupGroupList < nagpraClaimGroupGroup,nagpraClaimPeriodGroupList < nagpraClaimPeriodGroup,nagpraClaimPeriodGroupList < nagpraClaimPeriodGroup,nagpraClaimInitialResponseGroupList < nagpraClaimInitialResponseGroup,nagpraClaimInitialResponseGroupList < nagpraClaimInitialResponseGroup,nagpraClaimSentToLocalGroupList < nagpraClaimSentToLocalGroup,nagpraClaimSentToLocalGroupList < nagpraClaimSentToLocalGroup,nagpraClaimLocalRecGroupList < nagpraClaimLocalRecGroup,nagpraClaimLocalRecGroupList < nagpraClaimLocalRecGroup,nagpraClaimSentToNatlGroupList < nagpraClaimSentToNatlGroup,nagpraClaimSentToNatlGroupList < nagpraClaimSentToNatlGroup,nagpraClaimNatlRespGroupList < nagpraClaimNatlRespGroup,nagpraClaimNatlRespGroupList < nagpraClaimNatlRespGroup,nagpraClaimNatlApprovalGroupList < nagpraClaimNatlApprovalGroup,nagpraClaimNatlApprovalGroupList < nagpraClaimNatlApprovalGroup,nagpraClaimNoticeGroupList < nagpraClaimNoticeGroup,nagpraClaimNoticeGroupList < nagpraClaimNoticeGroup,nagpraClaimNoticeGroupList < nagpraClaimNoticeGroup,nagpraClaimTransferGroupList < nagpraClaimTransferGroup,nagpraClaimTransferGroupList < nagpraClaimTransferGroup,"","","","","","","","","","","","","","","","","","","","","","","","","",""
VALUE SOURCE TYPE,na,na,na,na,authority,authority,authority,authority,na,vocabulary,na,na,na,authority,na,authority,authority,na,na,na,na,na,na,na,na,na,na,na,na,na,na,na,na,optionlist,na,na,na,na,na,na,na,na,na,na,na,na,na,na,na,na,na,na,na,na,na,na,na,na,na,na,na,na,na
VALUE SOURCE,"","","","",person/local,organization/local,person/local,organization/local,"",nagpraclaimtype,"","","",place/local,"",concept/ethculture,concept/archculture,"","","","","","","","","","","","","","","","","begin, end","","","","","","","","","","","","","","","","","","","","","","","","","","","","",""
CSVHEADER,claimNumber,nagpraClaimName,nagpraClaimAltName,nagpraClaimAltNameNote,claimFiledByPersonLocal,claimFiledByOrganizationLocal,claimFiledOnBehalfOfPersonLocal,claimFiledOnBehalfOfOrganizationLocal,claimantNote,nagpraClaimType,claimReceivedDate,claimReceivedNote,nagpraClaimNote,nagpraClaimSiteNamePlaceLocal,nagpraClaimSiteNote,nagpraClaimGroupNameConceptEthculture,nagpraClaimGroupNameConceptArchculture,nagpraClaimGroupNote,nagpraClaimPeriodDateGroup,nagpraClaimPeriodNote,nagpraClaimInitialResponseDate,nagpraClaimInitialResponseNote,nagpraClaimSentToLocalDate,nagpraClaimSentToLocalNote,nagpraClaimLocalRecDate,nagpraClaimLocalRecNote,nagpraClaimSentToNatlDate,nagpraClaimSentToNatlNote,nagpraClaimNatlRespDate,nagpraClaimNatlRespNote,nagpraClaimNatlApprovalDate,nagpraClaimNatlApprovalNote,nagpraClaimNoticeDate,nagpraClaimNoticeDateType,nagpraClaimNoticeNote,nagpraClaimTransferDate,nagpraClaimTransferNote,dispositionPossibilitiesDiscussed,dispositionPossibilitiesDiscussedNote,surroundingTribesContacted,surroundingTribesContactedNote,workingTeamNotified,workingTeamNotifiedNote,siteFileResearchCompleted,siteFileResearchCompletedNote,accessionFileResearchCompleted,accessionFileResearchCompletedNote,objectsLocatedAndCounted,objectsLocatedAndCountedNote,objectsConsolidated,objectsConsolidatedNote,objectsPhotographed,objectsPhotographedNote,registrationDocumentsDrafted,registrationDocumentsDraftedNote,tribeContactedForPackingPreferences,tribeContactedForPackingPreferencesNote,dateArrangedForTransfer,dateArrangedForTransferNote,objectsMarkedAsDeaccessioned,objectsMarkedAsDeaccessionedNote,documentsArchived,documentsArchivedNote
