"Before importing CSV, delete initial column and rows above the CSVHEADER row","","","","","","","","","","","","","","","","","","","","","","","","","","","","","","","","","","","","","","","","","","","","","","","","","","","","","","","","","","","","","","","","","","","","","","","","","","","",""
REQUIRED,y,n,n,n,n,n,n,n,n,n,n,n,n,n,n,n,n,n,n,n,n,n,n,n,n,n,n,n,n,n,n,n,n,n,n,n,n,n,n,n,n,n,n,n,n,n,n,n,n,n,n,n,n,n,n,n,n,n,n,n,n,n,n,n,n,n,n,n,n,n,n,n,n,n,n,n
DATA TYPE,string,string,string,string,string,string,string,string,boolean,string,string,string,string,string,structured date group,string,string,string,string,string,string,string,string,date,structured date group,string,string,string,string,string,string,string,string,structured date group,string,string,string,string,string,structured date group,string,string,string,string,string,string,structured date group,string,string,string,string,string,string,string,string,string,string,structured date group,string,string,string,string,string,string,structured date group,string,string,string,string,string,string,string,structured date group,string,string,string
REPEATABLE FIELD?,n,n,n,n,n,n,n,n,n,n,n,n,n,n,n,n,y,y,n,n,n,n,n,n,n,y,y,y,y,n,n,n,n,n,y,y,n,n,n,n,y,y,n,n,n,n,n,y,y,n,n,n,n,n,n,n,n,n,y,y,n,n,n,n,n,y,y,n,n,n,n,n,n,y,y,n
REPEATING FIELD GROUP,chronologyTermGroupList < chronologyTermGroup,chronologyTermGroupList < chronologyTermGroup,chronologyTermGroupList < chronologyTermGroup,chronologyTermGroupList < chronologyTermGroup,chronologyTermGroupList < chronologyTermGroup,chronologyTermGroupList < chronologyTermGroup,chronologyTermGroupList < chronologyTermGroup,chronologyTermGroupList < chronologyTermGroup,chronologyTermGroupList < chronologyTermGroup,chronologyTermGroupList < chronologyTermGroup,chronologyTermGroupList < chronologyTermGroup,chronologyTermGroupList < chronologyTermGroup,chronologyTermGroupList < chronologyTermGroup,chronologyTermGroupList < chronologyTermGroup,"","","","","","",identifierGroupList < identifierGroup,identifierGroupList < identifierGroup,identifierGroupList < identifierGroup,identifierGroupList < identifierGroup,altDateGroupList < altDateGroup,altDateGroupList < altDateGroup < altDateSpatialCoverages,altDateGroupList < altDateGroup < altDateSpatialCoverages,altDateGroupList < altDateGroup < altDateCitations,altDateGroupList < altDateGroup < altDateCitations,altDateGroupList < altDateGroup,assocPersonAuthGroupList < assocPersonAuthGroup,assocPersonAuthGroupList < assocPersonAuthGroup,assocPersonAuthGroupList < assocPersonAuthGroup,assocPersonAuthGroupList < assocPersonAuthGroup,assocPersonAuthGroupList < assocPersonAuthGroup < assocPersonCitations,assocPersonAuthGroupList < assocPersonAuthGroup < assocPersonCitations,assocPersonAuthGroupList < assocPersonAuthGroup,assocPeopleAuthGroupList < assocPeopleAuthGroup,assocPeopleAuthGroupList < assocPeopleAuthGroup,assocPeopleAuthGroupList < assocPeopleAuthGroup,assocPeopleAuthGroupList < assocPeopleAuthGroup < assocPeopleCitations,assocPeopleAuthGroupList < assocPeopleAuthGroup < assocPeopleCitations,assocPeopleAuthGroupList < assocPeopleAuthGroup,assocOrganizationAuthGroupList < assocOrganizationAuthGroup,assocOrganizationAuthGroupList < assocOrganizationAuthGroup,assocOrganizationAuthGroupList < assocOrganizationAuthGroup,assocOrganizationAuthGroupList < assocOrganizationAuthGroup,assocOrganizationAuthGroupList < assocOrganizationAuthGroup < assocOrganizationCitations,assocOrganizationAuthGroupList < assocOrganizationAuthGroup < assocOrganizationCitations,assocOrganizationAuthGroupList < assocOrganizationAuthGroup,assocConceptAuthGroupList < assocConceptAuthGroup,assocConceptAuthGroupList < assocConceptAuthGroup,assocConceptAuthGroupList < assocConceptAuthGroup,assocConceptAuthGroupList < assocConceptAuthGroup,assocConceptAuthGroupList < assocConceptAuthGroup,assocConceptAuthGroupList < assocConceptAuthGroup,assocConceptAuthGroupList < assocConceptAuthGroup,assocConceptAuthGroupList < assocConceptAuthGroup,assocConceptAuthGroupList < assocConceptAuthGroup < assocConceptCitations,assocConceptAuthGroupList < assocConceptAuthGroup < assocConceptCitations,assocConceptAuthGroupList < assocConceptAuthGroup,assocPlaceAuthGroupList < assocPlaceAuthGroup,assocPlaceAuthGroupList < assocPlaceAuthGroup,assocPlaceAuthGroupList < assocPlaceAuthGroup,assocPlaceAuthGroupList < assocPlaceAuthGroup,assocPlaceAuthGroupList < assocPlaceAuthGroup < assocPlaceCitations,assocPlaceAuthGroupList < assocPlaceAuthGroup < assocPlaceCitations,assocPlaceAuthGroupList < assocPlaceAuthGroup,assocChronologyAuthGroupList < assocChronologyAuthGroup,assocChronologyAuthGroupList < assocChronologyAuthGroup,assocChronologyAuthGroupList < assocChronologyAuthGroup,assocChronologyAuthGroupList < assocChronologyAuthGroup,assocChronologyAuthGroupList < assocChronologyAuthGroup,assocChronologyAuthGroupList < assocChronologyAuthGroup < assocChronologyCitations,assocChronologyAuthGroupList < assocChronologyAuthGroup < assocChronologyCitations,assocChronologyAuthGroupList < assocChronologyAuthGroup
VALUE SOURCE TYPE,na,na,na,vocabulary,vocabulary,vocabulary,vocabulary,vocabulary,na,authority,authority,na,na,na,na,vocabulary,authority,authority,na,na,na,authority,authority,na,na,authority,authority,authority,authority,na,authority,authority,vocabulary,na,authority,authority,na,authority,vocabulary,na,authority,authority,na,authority,authority,vocabulary,na,authority,authority,na,authority,authority,authority,authority,authority,authority,vocabulary,na,authority,authority,na,authority,authority,vocabulary,na,authority,authority,na,authority,authority,authority,vocabulary,na,authority,authority,na
VALUE SOURCE,"","","",chronologytermstatus,chronologytermtype,chronologytermflag,chronologyhistoricalstatus,languages,"",citation/local,citation/worldcat,"","","","",chronologytypes,place/local,place/tgn,"","","",citation/local,citation/worldcat,"","",place/local,place/tgn,citation/local,citation/worldcat,"",person/local,person/ulan,assocauthorityrelationtype,"",citation/local,citation/worldcat,"",concept/associated,assocauthorityrelationtype,"",citation/local,citation/worldcat,"",organization/local,organization/ulan,assocauthorityrelationtype,"",citation/local,citation/worldcat,"",concept/activity,concept/associated,concept/material,concept/nomenclature,concept/occasion,concept/archculture,assocauthorityrelationtype,"",citation/local,citation/worldcat,"",place/local,place/tgn,assocauthorityrelationtype,"",citation/local,citation/worldcat,"",chronology/era,chronology/event,chronology/fieldcollection,assocauthorityrelationtype,"",citation/local,citation/worldcat,""
CSVHEADER,termDisplayName,termName,termQualifier,termStatus,termType,termFlag,historicalStatus,termLanguage,termPrefForLang,termSourceCitationLocal,termSourceCitationWorldcat,termSourceDetail,termSourceID,termSourceNote,primaryDateRangeStructuredDateGroup,chronologyType,spatialCoveragePlaceLocal,spatialCoveragePlaceTgn,chronologyDescription,chronologyNote,identifierValue,identifierCitationCitationLocal,identifierCitationCitationWorldcat,identifierDate,altDateRangeStructuredDateGroup,altDateSpatialCoveragePlaceLocal,altDateSpatialCoveragePlaceTgn,altDateCitationCitationLocal,altDateCitationCitationWorldcat,altDateNote,assocPersonPersonLocal,assocPersonPersonUlan,assocPersonType,assocPersonStructuredDateGroup,assocPersonCitationCitationLocal,assocPersonCitationCitationWorldcat,assocPersonNote,assocPeopleConceptAssociated,assocPeopleType,assocPeopleStructuredDateGroup,assocPeopleCitationCitationLocal,assocPeopleCitationCitationWorldcat,assocPeopleNote,assocOrganizationOrganizationLocal,assocOrganizationOrganizationUlan,assocOrganizationType,assocOrganizationStructuredDateGroup,assocOrganizationCitationCitationLocal,assocOrganizationCitationCitationWorldcat,assocOrganizationNote,assocConceptConceptActivity,assocConceptConceptAssociated,assocConceptConceptMaterial,assocConceptConceptNomenclature,assocConceptConceptOccasion,assocConceptConceptArchculture,assocConceptType,assocConceptStructuredDateGroup,assocConceptCitationCitationLocal,assocConceptCitationCitationWorldcat,assocConceptNote,assocPlacePlaceLocal,assocPlacePlaceTgn,assocPlaceType,assocPlaceStructuredDateGroup,assocPlaceCitationCitationLocal,assocPlaceCitationCitationWorldcat,assocPlaceNote,assocChronologyChronologyEra,assocChronologyChronologyEvent,assocChronologyChronologyFieldcollection,assocChronologyType,assocChronologyStructuredDateGroup,assocChronologyCitationCitationLocal,assocChronologyCitationCitationWorldcat,assocChronologyNote
