"Before importing CSV, delete initial column and rows above the CSVHEADER row","","","","","","","","","","","","","","","","","","","","","","","","","","","","","","","","","","","","","",""
REQUIRED,y,n,n,n,n,n,n,n,n,n,n,n,n,n,n,n,n,n,n,n,n,n,n,n,n,n,n,n,n,n,n,n,n,n,n,n,n,n
DATA TYPE,string,date,string,string,string,string,string,string,string,date,string,date,string,string,date,string,string,date,string,date,string,string,date,string,string,string,string,string,string,string,string,string,date,date,string,date,string,date
REPEATABLE FIELD?,n,n,n,n,n,n,n,n,n,n,n,n,n,n,n,n,n,n,n,n,n,n,n,n,n,n,n,n,n,n,n,n,n,n,n,n,n,n
REPEATING FIELD GROUP,"","","","","","","","","","",completenessGroupList < completenessGroup,completenessGroupList < completenessGroup,completenessGroupList < completenessGroup,hazardGroupList < hazardGroup,hazardGroupList < hazardGroup,hazardGroupList < hazardGroup,techAssessmentGroupList < techAssessmentGroup,techAssessmentGroupList < techAssessmentGroup,conditionCheckGroupList < conditionCheckGroup,conditionCheckGroupList < conditionCheckGroup,conditionCheckGroupList < conditionCheckGroup,envConditionNoteGroupList < envConditionNoteGroup,envConditionNoteGroupList < envConditionNoteGroup,"","","","","","","","",legalReqsHeldGroupList < legalReqsHeldGroup,legalReqsHeldGroupList < legalReqsHeldGroup,legalReqsHeldGroupList < legalReqsHeldGroup,legalReqsHeldGroupList < legalReqsHeldGroup,legalReqsHeldGroupList < legalReqsHeldGroup,salvagePriorityCodeGroupList < salvagePriorityCodeGroup,salvagePriorityCodeGroupList < salvagePriorityCodeGroup
VALUE SOURCE TYPE,na,na,optionlist,optionlist,authority,authority,na,optionlist,optionlist,na,optionlist,na,na,optionlist,na,na,na,na,optionlist,na,na,na,na,na,na,na,na,na,na,na,na,na,na,na,na,na,optionlist,na
VALUE SOURCE,"","","observed, xrayed","conservation, damagedintransit, exhibition, loanin, newacquisition",person/local,organization/local,"","high, low, medium","high, low, medium","","complete, fragmented, incomplete","","","poisonous, radioactive","","","","","exhibitableneedswork, injeopardy, needsnowork, notexhibitablestable","","","","","","","","","","","","","","","","","","high, low, medium",""
CSVHEADER,conditionCheckRefNumber,conditionCheckAssessmentDate,conditionCheckMethod,conditionCheckReason,conditionCheckerPersonLocal,conditionCheckerOrganizationLocal,conditionCheckNote,objectAuditCategory,conservationTreatmentPriority,nextConditionCheckDate,completeness,completenessDate,completenessNote,hazard,hazardDate,hazardNote,techAssessment,techAssessmentDate,condition,conditionDate,conditionNote,envConditionNote,envConditionNoteDate,displayRecommendations,handlingRecommendations,securityRecommendations,storageRequirements,envRecommendations,packingRecommendations,specialRequirements,legalRequirements,legalReqsHeld,legalReqsHeldBeginDate,legalReqsHeldEndDate,legalReqsHeldNumber,legalReqsHeldRenewDate,salvagePriorityCode,salvagePriorityCodeDate
