"Before importing CSV, delete initial column and rows above the CSVHEADER row","","","","","","","","","","","","","","","","","","","",""
REQUIRED,y,n,n,n,n,n,n,n,n,n,n,n,n,n,n,n,n,n,n,n
DATA TYPE,string,string,date,boolean,boolean,boolean,boolean,boolean,string,string,string,string,string,string,string,integer,string,string,boolean,string
REPEATABLE FIELD?,n,y,n,n,n,n,n,n,n,n,n,n,n,n,n,n,n,n,n,n
REPEATING FIELD GROUP,"","","","","","","","","","","","","","","","","","","",""
VALUE SOURCE TYPE,na,authority,na,na,na,na,na,na,optionlist,authority,na,na,na,na,authority,na,na,authority,na,optionlist
VALUE SOURCE,"",person/local,"","","","","","","Horticultural, Wild",location/local,"","","","",organization/local,"","",person/local,"","No, Yes"
CSVHEADER,loanOutNumber,collectorPersonLocal,loanOutDate,sterile,fertile,flowering,fruiting,inSpore,hortWild,gardenLocationLocationLocal,loanPurpose,loanOutNote,fieldCollectionNote,annotation,borrowerOrganizationLocal,numLent,sheetAccessionNumber,lendersAuthorizerPersonLocal,reviewComplete,labelRequested
