"Before importing CSV, delete initial column and rows above the CSVHEADER row","","","","","","","","","","","","","","","","","","","","","","","","","","","","","","","","","","","","","","","","","","",""
REQUIRED,y,n,n,n,n,n,n,n,n,n,n,n,n,n,n,n,n,n,n,n,n,n,n,n,n,n,n,n,n,n,n,n,n,n,n,n,n,n,n,n,n,n,n
DATA TYPE,string,string,string,string,string,string,date,string,string,date,string,string,string,string,string,string,string,string,string,string,date,string,date,date,date,date,date,date,string,string,string,date,integer,string,date,integer,string,string,string,string,date,integer,string
REPEATABLE FIELD?,n,n,n,n,n,n,n,n,n,n,n,n,n,y,y,y,y,n,n,n,n,n,n,n,n,n,n,n,n,n,n,n,n,n,n,n,n,n,n,n,n,n,n
REPEATING FIELD GROUP,"","",lenderGroupList < lenderGroup,lenderGroupList < lenderGroup,lenderGroupList < lenderGroup,lenderGroupList < lenderGroup,lenderGroupList < lenderGroup,"","","","","","","","","","",loanStatusGroupList < loanStatusGroup,loanStatusGroupList < loanStatusGroup,loanStatusGroupList < loanStatusGroup,loanStatusGroupList < loanStatusGroup,loanStatusGroupList < loanStatusGroup,"","","","","","","","","",returnGroupList < returnGroup,returnGroupList < returnGroup,returnGroupList < returnGroup,transferOutGroupList < transferOutGroup,transferOutGroupList < transferOutGroup,transferOutGroupList < transferOutGroup,transferOutGroupList < transferOutGroup,transferOutGroupList < transferOutGroup,transferOutGroupList < transferOutGroup,transferOutGroupList < transferOutGroup,transferOutGroupList < transferOutGroup,transferOutGroupList < transferOutGroup
VALUE SOURCE TYPE,na,optionlist,authority,authority,authority,authority,na,authority,authority,na,na,na,vocabulary,na,authority,authority,vocabulary,vocabulary,authority,vocabulary,na,na,na,na,na,na,na,na,authority,authority,na,na,na,na,na,na,authority,authority,authority,na,na,na,na
VALUE SOURCE,"","analysis, conservationotherrequestedservices, exhibition, longtermcollectionsmanagementandstorage, photography, research, scientificorexhibitpreparation",person/local,organization/local,person/local,person/local,"",person/local,person/local,"","","",majortaxongroup,"",taxon/local,taxon/common,objectkind,deaccessionapprovalgroup,person/local,loanoutstatus,"","","","","","","","",organization/local,person/local,"","","","","","",organization/local,person/local,person/local,"","","",""
CSVHEADER,loanInNumber,loanPurpose,lenderPersonLocal,lenderOrganizationLocal,lendersContact,lendersAuthorizer,lendersAuthorizationDate,borrowersContact,borrowersAuthorizer,borrowersAuthorizationDate,loanInConditions,loanInNote,majorGroup,geography,taxonomyTaxonLocal,taxonomyTaxonCommon,objKind,loanGroup,loanIndividual,loanStatus,loanStatusDate,loanStatusNote,loanInDate,dueDate,loanRenewalApplicationDate,shipDate,loanReturnDate,transferInDate,transferInOrg,transferInPerson,creditLine,returnDate,returnQuantity,returnNotes,transferOutDate,transferOutQuantity,transferOutOrg,transferOutPerson,transferOutDirector,transferOutNotes,transferOutReturnDate,transferOutReturnQuantity,transferOutReturnNotes
