"Before importing CSV, delete initial column and rows above the CSVHEADER row","","","","","","","","","","","","","","","","","","","","","","","","","","","","","","","","","","","",""
REQUIRED,y,n,n,n,n,n,n,n,n,n,n,n,n,n,n,n,n,n,n,n,n,n,n,n,n,n,n,n,n,n,n,n,n,n,n,n
DATA TYPE,string,string,string,string,string,boolean,string,string,string,string,string,string,string,string,string,string,string,string,string,string,structured date group,string,string,string,string,string,string,string,string,string,string,structured date group,string,string,string,string
REPEATABLE FIELD?,n,n,n,n,n,n,n,n,n,n,n,n,n,n,n,n,n,n,n,n,n,n,n,n,n,n,n,n,n,n,n,n,n,n,n,n
REPEATING FIELD GROUP,citationTermGroupList < citationTermGroup,citationTermGroupList < citationTermGroup,citationTermGroupList < citationTermGroup,citationTermGroupList < citationTermGroup,citationTermGroupList < citationTermGroup,citationTermGroupList < citationTermGroup,citationTermGroupList < citationTermGroup,citationTermGroupList < citationTermGroup,citationTermGroupList < citationTermGroup,citationTermGroupList < citationTermGroup,citationTermGroupList < citationTermGroup,citationTermGroupList < citationTermGroup,citationTermGroupList < citationTermGroup,citationTermGroupList < citationTermGroup,citationTermGroupList < citationTermGroup,citationTermGroupList < citationTermGroup,citationTermGroupList < citationTermGroup,citationPublicationInfoGroupList < citationPublicationInfoGroup,citationPublicationInfoGroupList < citationPublicationInfoGroup,citationPublicationInfoGroupList < citationPublicationInfoGroup,citationPublicationInfoGroupList < citationPublicationInfoGroup,citationPublicationInfoGroupList < citationPublicationInfoGroup,citationPublicationInfoGroupList < citationPublicationInfoGroup,citationAgentInfoGroupList < citationAgentInfoGroup,citationAgentInfoGroupList < citationAgentInfoGroup,citationAgentInfoGroupList < citationAgentInfoGroup,citationAgentInfoGroupList < citationAgentInfoGroup,citationAgentInfoGroupList < citationAgentInfoGroup,"",citationResourceIdentGroupList < citationResourceIdentGroup,citationResourceIdentGroupList < citationResourceIdentGroup,citationResourceIdentGroupList < citationResourceIdentGroup,citationRelatedTermsGroupList < citationRelatedTermsGroup,citationRelatedTermsGroupList < citationRelatedTermsGroup,citationRelatedTermsGroupList < citationRelatedTermsGroup,citationRelatedTermsGroupList < citationRelatedTermsGroup
VALUE SOURCE TYPE,na,optionlist,vocabulary,vocabulary,vocabulary,na,na,na,na,na,na,na,authority,authority,na,na,na,authority,authority,authority,na,na,na,authority,authority,authority,vocabulary,na,na,na,vocabulary,na,authority,authority,authority,vocabulary
VALUE SOURCE,"","accepted, provisional, rejected, under review",citationtermtype,citationtermflag,languages,"","","","","","","",citation/local,citation/worldcat,"","","",organization/local,place/local,place/tgn,"","","",person/local,person/ulan,organization/local,agentinfotype,"","","",resourceidtype,"",concept/associated,concept/activity,concept/material,relationtypetype
CSVHEADER,termDisplayName,termStatus,termType,termFlag,termLanguage,termPrefForLang,termFullCitation,termTitle,termSubTitle,termSectionTitle,termVolume,termIssue,termSourceCitationLocal,termSourceCitationWorldcat,termSourceDetail,termSourceID,termSourceNote,publisher,publicationPlacePlaceLocal,publicationPlacePlaceTgn,publicationDate,edition,pages,agentPersonLocal,agentPersonUlan,agentOrganizationLocal,role,note,citationNote,resourceIdent,type,captureDate,relatedTermConceptAssociated,relatedTermConceptActivity,relatedTermConceptMaterial,relationType
