"Before importing CSV, delete initial column and rows above the CSVHEADER row","","","","","","","","","","","","","","",""
REQUIRED,y,n,n,n,n,n,n,n,n,n,n,n,n,n,n
DATA TYPE,string,string,string,string,string,string,string,boolean,string,string,string,string,string,string,string
REPEATABLE FIELD?,n,n,n,n,n,n,n,n,n,n,n,n,n,n,n
REPEATING FIELD GROUP,locTermGroupList < locTermGroup,locTermGroupList < locTermGroup,locTermGroupList < locTermGroup,locTermGroupList < locTermGroup,locTermGroupList < locTermGroup,locTermGroupList < locTermGroup,locTermGroupList < locTermGroup,locTermGroupList < locTermGroup,locTermGroupList < locTermGroup,locTermGroupList < locTermGroup,locTermGroupList < locTermGroup,locTermGroupList < locTermGroup,locTermGroupList < locTermGroup,"",""
VALUE SOURCE TYPE,na,na,na,optionlist,optionlist,vocabulary,vocabulary,na,authority,authority,na,na,na,vocabulary,na
VALUE SOURCE,"","","","accepted, provisional, rejected, under review","alternate descriptor, descriptor, used for term",locationtermflag,languages,"",citation/local,citation/shared,"","","",locationtype,""
CSVHEADER,termDisplayName,termName,termQualifier,termStatus,termType,termFlag,termLanguage,termPrefForLang,termSourceCitationLocal,termSourceCitationShared,termSourceDetail,termSourceID,termSourceNote,locationType,accessNote
