"Before importing CSV, delete initial column and rows above the CSVHEADER row","","","",""
REQUIRED,y,y,y,y
DATA TYPE,string,string,string,string
REPEATABLE FIELD?,n,n,n,n
REPEATING FIELD GROUP,"","","",""
VALUE SOURCE TYPE,optionlist,na,optionlist,na
VALUE SOURCE,"acquisitions, collectionobjects, conservation, groups, insurances, loansout, media, movements, objectexit, transports, uoc, valuationcontrols","","acquisitions, collectionobjects, conservation, groups, insurances, loansout, media, movements, objectexit, transports, uoc, valuationcontrols",""
CSVHEADER,item1_type,item1_id,item2_type,item2_id
