"Before importing CSV, delete initial column and rows above the CSVHEADER row","","","","","","","","","","","","","","","","","","","","","","","","","","","","","","","",""
REQUIRED,y,n,n,n,n,n,n,n,n,n,n,n,n,n,n,n,n,n,n,n,n,n,n,n,n,n,n,n,n,n,n,n
DATA TYPE,string,string,string,string,string,boolean,string,string,string,string,string,string,string,string,string,string,string,string,string,structured date group,string,string,string,string,string,string,string,string,string,structured date group,string,string
REPEATABLE FIELD?,n,n,n,n,n,n,n,n,n,n,n,n,n,n,n,n,n,n,n,n,n,n,n,n,n,n,n,n,n,n,n,n
REPEATING FIELD GROUP,citationTermGroupList < citationTermGroup,citationTermGroupList < citationTermGroup,citationTermGroupList < citationTermGroup,citationTermGroupList < citationTermGroup,citationTermGroupList < citationTermGroup,citationTermGroupList < citationTermGroup,citationTermGroupList < citationTermGroup,citationTermGroupList < citationTermGroup,citationTermGroupList < citationTermGroup,citationTermGroupList < citationTermGroup,citationTermGroupList < citationTermGroup,citationTermGroupList < citationTermGroup,citationTermGroupList < citationTermGroup,citationTermGroupList < citationTermGroup,citationTermGroupList < citationTermGroup,citationTermGroupList < citationTermGroup,citationTermGroupList < citationTermGroup,citationPublicationInfoGroupList < citationPublicationInfoGroup,citationPublicationInfoGroupList < citationPublicationInfoGroup,citationPublicationInfoGroupList < citationPublicationInfoGroup,citationPublicationInfoGroupList < citationPublicationInfoGroup,citationPublicationInfoGroupList < citationPublicationInfoGroup,citationAgentInfoGroupList < citationAgentInfoGroup,citationAgentInfoGroupList < citationAgentInfoGroup,citationAgentInfoGroupList < citationAgentInfoGroup,citationAgentInfoGroupList < citationAgentInfoGroup,"",citationResourceIdentGroupList < citationResourceIdentGroup,citationResourceIdentGroupList < citationResourceIdentGroup,citationResourceIdentGroupList < citationResourceIdentGroup,citationRelatedTermsGroupList < citationRelatedTermsGroup,citationRelatedTermsGroupList < citationRelatedTermsGroup
VALUE SOURCE TYPE,na,optionlist,vocabulary,vocabulary,vocabulary,na,na,na,na,na,na,na,authority,authority,na,na,na,authority,authority,na,na,na,authority,authority,vocabulary,na,na,na,vocabulary,na,na,vocabulary
VALUE SOURCE,"","accepted, provisional, rejected, under review",citationtermtype,citationtermflag,languages,"","","","","","","",citation/local,citation/shared,"","","",organization/local,place/local,"","","",person/local,organization/local,agentinfotype,"","","",resourceidtype,"","",relationtypetype
CSVHEADER,termDisplayName,termStatus,termType,termFlag,termLanguage,termPrefForLang,termFullCitation,termTitle,termSubTitle,termSectionTitle,termVolume,termIssue,termSourceCitationLocal,termSourceCitationShared,termSourceDetail,termSourceID,termSourceNote,publisherOrganizationLocal,publicationPlacePlaceLocal,publicationDate,edition,pages,agentPersonLocal,agentOrganizationLocal,role,note,citationNote,resourceIdent,type,captureDate,relatedTerm,relationType
