"Before importing CSV, delete initial column and rows above the CSVHEADER row","","","","","","","","","","","","","","","","","","","","","","","","","","","","","","","","","","","","","","","","","","","","","","","","","","","","","","","","","",""
REQUIRED,y,n,n,n,n,n,n,n,n,n,n,n,n,n,n,n,n,n,n,n,n,n,n,n,n,n,n,n,n,n,n,n,n,n,n,n,n,n,n,n,n,n,n,n,n,n,n,n,n,n,n,n,n,n,n,n,n,n
DATA TYPE,string,string,integer,string,string,string,string,string,string,string,string,string,date,string,string,string,string,string,date,string,string,string,string,string,date,string,string,string,string,string,string,string,string,string,string,string,float,string,string,string,string,string,string,string,float,string,float,string,string,string,float,string,string,string,string,string,float,date
REPEATABLE FIELD?,n,n,n,n,n,n,n,n,n,n,n,n,n,n,n,n,n,n,n,n,n,n,n,n,n,n,n,n,n,n,n,n,n,n,n,n,n,n,n,n,n,n,n,n,n,n,n,n,n,n,n,n,n,n,n,n,n,n
REPEATING FIELD GROUP,"","","","","","","","","","","","","",transportTrackingNumberGroupList < transportTrackingNumberGroup,transportTrackingNumberGroupList < transportTrackingNumberGroup,"","","","","","","","","","","",courierGroupList < courierGroup,courierGroupList < courierGroup,courierGroupList < courierGroup,courierGroupList < courierGroup,courierGroupList < courierGroup,"","","","","","","","","","","","","","","","","",additionalCostsGroupList < additionalCostsGroup,additionalCostsGroupList < additionalCostsGroup,additionalCostsGroupList < additionalCostsGroup,shippingQuoteGroupList < shippingQuoteGroup,shippingQuoteGroupList < shippingQuoteGroup,shippingQuoteGroupList < shippingQuoteGroup,shippingQuoteGroupList < shippingQuoteGroup,shippingQuoteGroupList < shippingQuoteGroup,shippingQuoteGroupList < shippingQuoteGroup,shippingQuoteGroupList < shippingQuoteGroup
VALUE SOURCE TYPE,na,optionlist,na,authority,authority,authority,authority,authority,authority,na,authority,authority,na,na,na,authority,authority,authority,na,na,authority,authority,authority,authority,na,na,authority,authority,authority,authority,na,na,vocabulary,vocabulary,vocabulary,vocabulary,na,authority,authority,authority,authority,authority,authority,vocabulary,na,vocabulary,na,na,vocabulary,vocabulary,na,authority,authority,authority,authority,vocabulary,na,na
VALUE SOURCE,"","LOFO freight, cargo aircraft, combi aircraft, common carrier, exclusive-use truck, expedited use freight, mail, non-commercial carrier, ocean freight, passenger aircraft, shuttle service","",person/local,person/shared,organization/local,organization/shared,person/local,person/shared,"",person/local,person/shared,"","","",organization/local,organization/shared,place/local,"","",place/local,place/shared,organization/local,organization/shared,"","",person/local,person/shared,organization/local,organization/shared,"","",transportcosttype,transportresponsibleparty,transportresponsibleparty,currency,"",person/local,person/shared,organization/local,organization/shared,person/local,person/shared,currency,"",currency,"","",transportadditionalcosttype,currency,"",person/local,person/shared,organization/local,organization/shared,currency,"",""
CSVHEADER,transportReferenceNumber,transportMethod,numberOfCrates,transporterPersonLocal,transporterPersonShared,transporterOrganizationLocal,transporterOrganizationShared,transporterContactPersonLocal,transporterContactPersonShared,transporterContactNumber,transportAuthorizerPersonLocal,transportAuthorizerPersonShared,transportAuthorizationDate,transportTrackingNumber,transportTrackingNumberNote,departurePointOrganizationLocal,departurePointOrganizationShared,departurePointPlaceLocal,transportDepartureDate,transportDepartureTime,destinationPlaceLocal,destinationPlaceShared,destinationOrganizationLocal,destinationOrganizationShared,transportArrivalDate,transportArrivalTime,courierPersonLocal,courierPersonShared,courierOrganizationLocal,courierOrganizationShared,courierContactNumber,transportRemarks,transportCostType,transportCostResponsibleParty,insuranceCostResponsibleParty,finalShippingCostCurrency,finalShippingCostValue,customsBrokerPersonLocal,customsBrokerPersonShared,customsBrokerOrganizationLocal,customsBrokerOrganizationShared,customsBrokerContactPersonLocal,customsBrokerContactPersonShared,customsDeclaredValueCurrency,customsDeclaredValueAmount,customsFeeCurrency,customsFeeValue,customsFeeNote,additionalCostsType,additionalCostsCurrency,additionalCostsValue,shippingQuoteProviderPersonLocal,shippingQuoteProviderPersonShared,shippingQuoteProviderOrganizationLocal,shippingQuoteProviderOrganizationShared,shippingQuoteCurrency,shippingQuoteValue,shippingQuoteDate
