"Before importing CSV, delete initial column and rows above the CSVHEADER row","","","","","","","","","","","","","","","","","","","","","","","","",""
REQUIRED,y,n,n,n,n,n,n,n,n,n,n,n,n,n,n,n,n,n,n,n,n,n,n,n,n
DATA TYPE,string,structured date group,string,date,structured date group,string,string,string,string,string,string,float,string,float,string,float,string,float,string,float,string,string,string,string,string
REPEATABLE FIELD?,n,n,n,n,y,n,y,y,y,y,n,n,n,n,n,n,n,n,n,n,n,n,n,n,y
REPEATING FIELD GROUP,"","","","","","","","","","","","","","","","","","","","","","","","",""
VALUE SOURCE TYPE,na,na,authority,na,na,optionlist,authority,authority,authority,authority,vocabulary,na,vocabulary,na,vocabulary,na,vocabulary,na,vocabulary,na,na,na,na,na,na
VALUE SOURCE,"","",person/local,"","","bequest, commission, exchange, found in collection, gift, purchase, transfer, treasure, unknown",person/local,person/shared,organization/local,organization/shared,currency,"",currency,"",currency,"",currency,"",currency,"","","","","",""
CSVHEADER,acquisitionReferenceNumber,accessionDateGroup,acquisitionAuthorizerPersonLocal,acquisitionAuthorizerDate,acquisitionDateGroup,acquisitionMethod,acquisitionSourcePersonLocal,acquisitionSourcePersonShared,acquisitionSourceOrganizationLocal,acquisitionSourceOrganizationShared,groupPurchasePriceCurrency,groupPurchasePriceValue,objectOfferPriceCurrency,objectOfferPriceValue,objectPurchaseOfferPriceCurrency,objectPurchaseOfferPriceValue,objectPurchasePriceCurrency,objectPurchasePriceValue,originalObjectPurchasePriceCurrency,originalObjectPurchasePriceValue,creditLine,acquisitionReason,acquisitionNote,acquisitionProvisos,fieldCollectionEventName
