"Before importing CSV, delete initial column and rows above the CSVHEADER row","","","","","","","","","","","","","","","","","","","","","","","","","","","","","","","","",""
REQUIRED,y,n,n,n,n,n,n,n,n,n,n,n,n,n,n,n,n,n,n,n,n,n,n,n,n,n,n,n,n,n,n,n,n
DATA TYPE,string,string,string,string,string,string,string,boolean,string,string,string,string,string,string,structured date group,string,string,string,string,string,string,string,string,string,string,string,string,string,string,string,string,string,string
REPEATABLE FIELD?,n,n,n,n,n,n,n,n,n,n,n,n,n,n,y,n,n,n,n,n,n,n,n,n,n,n,n,n,n,n,n,n,n
REPEATING FIELD GROUP,workTermGroupList < workTermGroup,workTermGroupList < workTermGroup,workTermGroupList < workTermGroup,workTermGroupList < workTermGroup,workTermGroupList < workTermGroup,workTermGroupList < workTermGroup,workTermGroupList < workTermGroup,workTermGroupList < workTermGroup,workTermGroupList < workTermGroup,workTermGroupList < workTermGroup,workTermGroupList < workTermGroup,workTermGroupList < workTermGroup,workTermGroupList < workTermGroup,"","","",creatorGroupList < creatorGroup,creatorGroupList < creatorGroup,creatorGroupList < creatorGroup,creatorGroupList < creatorGroup,creatorGroupList < creatorGroup,publisherGroupList < publisherGroup,publisherGroupList < publisherGroup,publisherGroupList < publisherGroup,publisherGroupList < publisherGroup,publisherGroupList < publisherGroup,addrGroupList < addrGroup,addrGroupList < addrGroup,addrGroupList < addrGroup,addrGroupList < addrGroup,addrGroupList < addrGroup,addrGroupList < addrGroup,addrGroupList < addrGroup
VALUE SOURCE TYPE,na,na,na,optionlist,na,vocabulary,vocabulary,na,authority,authority,na,na,na,vocabulary,na,na,authority,authority,authority,authority,vocabulary,authority,authority,authority,authority,vocabulary,na,na,authority,authority,na,authority,vocabulary
VALUE SOURCE,"","","","complete, inprogress, quickaddedneedsattention","",worktermflag,languages,"",citation/local,citation/shared,"","","",worktype,"","",person/local,person/shared,organization/local,organization/shared,workcreatortype,person/local,person/shared,organization/local,organization/shared,workpublishertype,"","",place/local,place/local,"",place/local,addresstype
CSVHEADER,termDisplayName,termName,termQualifier,termStatus,termType,termFlag,termLanguage,termPrefForLang,termSourceCitationLocal,termSourceCitationShared,termSourceDetail,termSourceID,termSourceNote,workType,workDateGroup,workHistoryNote,creatorPersonLocal,creatorPersonShared,creatorOrganizationLocal,creatorOrganizationShared,creatorType,publisherPersonLocal,publisherPersonShared,publisherOrganizationLocal,publisherOrganizationShared,publisherType,addressPlace1,addressPlace2,addressMunicipalityPlaceLocal,addressStateOrProvincePlaceLocal,addressPostCode,addressCountryPlaceLocal,addressType
