"Before importing CSV, delete initial column and rows above the CSVHEADER row","","","","","","","","","","","","","","","","","","","","","","",""
REQUIRED,y,y,y,y,y,n,n,n,n,n,n,n,n,n,n,n,n,n,n,n,n,n,n
DATA TYPE,string,string,string,string,string,string,string,string,string,date,string,date,date,string,string,string,string,string,date,date,string,string,string
REPEATABLE FIELD?,n,n,n,n,n,n,n,n,n,n,n,n,n,n,n,n,n,n,n,n,y,y,n
REPEATING FIELD GROUP,"","","","","","","","","","","","","","","","","","","","","","",""
VALUE SOURCE TYPE,na,authority,authority,authority,authority,authority,authority,authority,authority,na,optionlist,na,na,authority,authority,na,optionlist,optionlist,na,na,authority,authority,na
VALUE SOURCE,"",location/local,location/offsite,organization/local,organization/shared,location/local,location/offsite,organization/local,organization/shared,"","collections-facility-move, conservation, exhibition, inventory, loan, newstoragelocation, photography, research","","",person/local,person/shared,"","conservation, preservation, re-housing","annually, daily, monthly, semi-annually, weekly","","",person/local,person/shared,""
CSVHEADER,movementReferenceNumber,currentLocationLocationLocal,currentLocationLocationOffsite,currentLocationOrganizationLocal,currentLocationOrganizationShared,normalLocationLocationLocal,normalLocationLocationOffsite,normalLocationOrganizationLocal,normalLocationOrganizationShared,locationDate,reasonForMove,plannedRemovalDate,removalDate,movementContactPersonLocal,movementContactPersonShared,movementNote,inventoryActionRequired,frequencyForInventory,inventoryDate,nextInventoryDate,inventoryContactPersonLocal,inventoryContactPersonShared,inventoryNote
