"Before importing CSV, delete initial column and rows above the CSVHEADER row","","","","","","","","","","","","","","","","","","","","","","","","",""
REQUIRED,y,n,n,n,n,n,n,n,n,n,n,n,n,n,n,n,n,n,n,n,n,n,n,n,n
DATA TYPE,string,string,string,string,string,string,string,string,float,string,float,string,string,date,string,date,string,string,string,string,string,string,string,float,date
REPEATABLE FIELD?,n,n,n,n,n,n,n,n,n,n,n,n,n,n,n,n,n,n,n,n,n,n,n,n,n
REPEATING FIELD GROUP,"","","","","","","","","","","","","","",insuranceIndemnityStatusGroupList < insuranceIndemnityStatusGroup,insuranceIndemnityStatusGroupList < insuranceIndemnityStatusGroup,insuranceIndemnityStatusGroupList < insuranceIndemnityStatusGroup,"",quoteProviderGroupList < quoteProviderGroup,quoteProviderGroupList < quoteProviderGroup,quoteProviderGroupList < quoteProviderGroup,quoteProviderGroupList < quoteProviderGroup,quoteProviderGroupList < quoteProviderGroup,quoteProviderGroupList < quoteProviderGroup,quoteProviderGroupList < quoteProviderGroup
VALUE SOURCE TYPE,na,vocabulary,authority,authority,authority,authority,na,vocabulary,na,vocabulary,na,authority,authority,na,vocabulary,na,na,na,authority,authority,authority,authority,vocabulary,na,na
VALUE SOURCE,"",insurancetype,person/local,person/shared,organization/local,organization/shared,"",currency,"",currency,"",person/local,person/shared,"",insurancestatus,"","","",person/local,person/shared,organization/local,organization/shared,currency,"",""
CSVHEADER,insuranceIndemnityReferenceNumber,insuranceIndemnityType,insurerIndemnifierPersonLocal,insurerIndemnifierPersonShared,insurerIndemnifierOrganizationLocal,insurerIndemnifierOrganizationShared,insuranceIndemnityPolicyNumber,insuranceIndemnityCurrency,insuranceIndemnityValue,minimumLiabilityCurrency,minimumLiabilityValue,insuranceIndemnityAuthorizerPersonLocal,insuranceIndemnityAuthorizerPersonShared,insuranceIndemnityAuthorizationDate,insuranceIndemnityStatus,insuranceIndemnityStatusDate,insuranceIndemnityStatusNote,insuranceIndemnityNote,insuranceIndemnityQuoteProviderPersonLocal,insuranceIndemnityQuoteProviderPersonShared,insuranceIndemnityQuoteProviderOrganizationLocal,insuranceIndemnityQuoteProviderOrganizationShared,insuranceIndemnityQuoteCurrency,insuranceIndemnityQuoteValue,insuranceIndemnityQuoteDate
