"Before importing CSV, delete initial column and rows above the CSVHEADER row","","","","","","","","","","","","","","","","","","","","","","","","","","","","","","","","","","","","","","","","","","","","","","","","","","","",""
REQUIRED,y,n,n,n,n,n,n,n,n,n,n,n,n,n,n,n,n,n,n,n,n,n,n,n,n,n,n,n,n,n,n,n,n,n,n,n,n,n,n,n,n,n,n,n,n,n,n,n,n,n,n,n
DATA TYPE,string,string,string,string,string,string,string,string,string,string,string,string,string,string,string,date,date,string,string,string,string,string,string,date,string,string,date,string,integer,float,string,date,string,string,string,string,string,float,string,string,string,string,string,string,string,float,boolean,string,string,string,boolean,string
REPEATABLE FIELD?,n,y,y,n,n,y,n,n,n,n,n,n,n,n,n,n,n,y,n,n,n,n,n,n,n,n,n,n,n,n,n,n,n,n,n,n,n,n,n,y,y,y,y,y,n,n,n,n,n,n,n,n
REPEATING FIELD GROUP,"","","","","","",userGroupList < userGroup,userGroupList < userGroup,userGroupList < userGroup,userGroupList < userGroup,userGroupList < userGroup,userGroupList < userGroup,userGroupList < userGroup,userGroupList < userGroup,"","","","","",authorizationGroupList < authorizationGroup,authorizationGroupList < authorizationGroup,authorizationGroupList < authorizationGroup,authorizationGroupList < authorizationGroup,authorizationGroupList < authorizationGroup,authorizationGroupList < authorizationGroup,authorizationGroupList < authorizationGroup,useDateGroupList < useDateGroup,useDateGroupList < useDateGroup,useDateGroupList < useDateGroup,useDateGroupList < useDateGroup,useDateGroupList < useDateGroup,"",staffGroupList < staffGroup,staffGroupList < staffGroup,staffGroupList < staffGroup,staffGroupList < staffGroup,staffGroupList < staffGroup,staffGroupList < staffGroup,staffGroupList < staffGroup,"","","","","",feeGroupList < feeGroup,feeGroupList < feeGroup,feeGroupList < feeGroup,feeGroupList < feeGroup,"","","",""
VALUE SOURCE TYPE,na,vocabulary,vocabulary,vocabulary,vocabulary,vocabulary,authority,authority,authority,authority,vocabulary,authority,authority,vocabulary,na,na,na,authority,na,authority,authority,authority,authority,na,vocabulary,na,na,na,na,na,na,na,authority,authority,authority,authority,vocabulary,na,na,authority,authority,authority,authority,authority,vocabulary,na,na,na,na,na,na,na
VALUE SOURCE,"",uocmethods,uoccollectiontypes,uocprojectid,uocsubcollections,uocmaterialtypes,person/local,person/shared,organization/local,organization/shared,uocuserroles,organization/local,organization/shared,uocusertypes,"","","",concept/occasion,"",person/local,person/shared,organization/local,organization/shared,"",uocauthorizationstatuses,"","","","","","","",person/local,person/shared,organization/local,organization/shared,uocstaffroles,"","",organization/local,organization/shared,place/local,place/shared,location/local,currency,"","","","","","",""
CSVHEADER,referenceNumber,method,collectionType,projectId,subcollection,materialType,userPersonLocal,userPersonShared,userOrganizationLocal,userOrganizationShared,userUocRole,userInstitutionOrganizationLocal,userInstitutionOrganizationShared,userInstitutionRole,title,dateRequested,dateCompleted,occasionConceptOccasion,projectDescription,authorizedByPersonLocal,authorizedByPersonShared,authorizedByOrganizationLocal,authorizedByOrganizationShared,authorizationDate,authorizationStatus,authorizationNote,useDate,useDateTimeNote,useDateNumberOfVisitors,useDateHoursSpent,useDateVisitorNote,endDate,staffNamePersonLocal,staffNamePersonShared,staffNameOrganizationLocal,staffNameOrganizationShared,staffRole,staffHours,staffNote,locationOrganizationLocal,locationOrganizationShared,locationPlaceLocal,locationPlaceShared,locationLocationLocal,feeCurrency,feeValue,feePaid,feeNote,note,provisos,obligationsFulfilled,result
