"Before importing CSV, delete initial column and rows above the CSVHEADER row","","","","","","","","","","","","","","","","","","","","","","","","","","","","","","",""
REQUIRED,y,n,n,n,n,n,n,n,n,n,n,n,n,n,n,n,n,n,n,n,n,n,n,n,n,n,n,n,n,n,n
DATA TYPE,string,string,string,string,string,string,date,string,string,string,string,string,string,string,string,string,string,string,string,string,structured date group,string,string,string,string,string,string,string,string,string,string
REPEATABLE FIELD?,n,n,y,n,n,n,n,n,n,n,n,n,n,n,n,y,y,n,n,n,y,n,y,n,n,n,n,n,n,n,n
REPEATING FIELD GROUP,"","","","",checksumGroupList < checksumGroup,checksumGroupList < checksumGroup,checksumGroupList < checksumGroup,"","","","","","","","","","","","","","","","","","","","","","","",""
VALUE SOURCE TYPE,na,na,vocabulary,na,na,vocabulary,na,authority,authority,authority,authority,authority,authority,authority,authority,na,optionlist,authority,authority,authority,na,na,na,na,authority,authority,authority,authority,na,na,na
VALUE SOURCE,"","",publishto,"","",checksumtypes,"",person/local,person/shared,organization/local,organization/shared,person/local,person/shared,organization/local,organization/shared,"","dataset, document, moving_image, sound, still_image",material/local,material/shared,place/local,"","","","",person/local,person/shared,organization/local,organization/shared,"","",""
CSVHEADER,identificationNumber,title,publishTo,externalUrl,checksumValue,checksumType,checksumDate,contributorPersonLocal,contributorPersonShared,contributorOrganizationLocal,contributorOrganizationShared,creatorPersonLocal,creatorPersonShared,creatorOrganizationLocal,creatorOrganizationShared,relation,type,coverageMaterialLocal,coverageMaterialShared,coveragePlaceLocal,dateGroup,source,subject,copyrightStatement,rightsHolderPersonLocal,rightsHolderPersonShared,rightsHolderOrganizationLocal,rightsHolderOrganizationShared,description,altText,mediaFileURI
