"Before importing CSV, delete initial column and rows above the CSVHEADER row","","","","","","","","","","","","","","","","","","","",""
REQUIRED,y,n,n,n,n,n,n,n,n,n,n,n,n,n,n,n,n,n,n,n
DATA TYPE,string,string,string,string,string,string,string,string,string,string,string,string,string,string,date,string,date,date,date,string
REPEATABLE FIELD?,n,n,n,n,n,n,n,n,n,n,n,n,n,n,n,n,n,n,n,n
REPEATING FIELD GROUP,"","","","","","","","","","",loanStatusGroupList < loanStatusGroup,loanStatusGroupList < loanStatusGroup,loanStatusGroupList < loanStatusGroup,loanStatusGroupList < loanStatusGroup,loanStatusGroupList < loanStatusGroup,loanStatusGroupList < loanStatusGroup,"","","",""
VALUE SOURCE TYPE,na,authority,authority,na,optionlist,authority,authority,authority,authority,na,vocabulary,authority,authority,vocabulary,na,na,na,na,na,na
VALUE SOURCE,"",person/local,person/shared,"","analysis, conservationotherrequestedservices, exhibition, longtermcollectionsmanagementandstorage, photography, research, scientificorexhibitpreparation",person/local,person/shared,organization/local,organization/shared,"",deaccessionapprovalgroup,person/local,person/shared,loanoutstatus,"","","","","",""
CSVHEADER,loanOutNumber,lendersAuthorizerPersonLocal,lendersAuthorizerPersonShared,specialConditionsOfLoan,loanPurpose,borrowerPersonLocal,borrowerPersonShared,borrowerOrganizationLocal,borrowerOrganizationShared,loanOutNote,loanGroup,loanIndividualPersonLocal,loanIndividualPersonShared,loanStatus,loanStatusDate,loanStatusNote,loanOutDate,loanReturnDate,loanRenewalApplicationDate,creditLine
