"Before importing CSV, delete initial column and rows above the CSVHEADER row","","","","","","","","","","","","","","","","","","","","","","","","","","","","","","","","","","","","","","","","",""
REQUIRED,y,n,n,n,n,n,n,n,n,n,n,n,n,n,n,n,n,n,n,n,n,n,n,n,n,n,n,n,n,n,n,n,n,n,n,n,n,n,n,n,n
DATA TYPE,string,string,date,string,string,string,string,string,string,string,string,string,string,string,string,string,string,date,string,string,string,string,string,date,date,date,string,string,string,string,date,date,string,string,string,date,string,boolean,string,string,string
REPEATABLE FIELD?,n,n,n,n,y,y,y,y,n,n,n,n,n,n,n,n,n,n,n,n,n,n,n,n,n,n,n,n,n,n,n,n,n,n,n,n,n,n,n,n,n
REPEATING FIELD GROUP,"",conservationStatusGroupList < conservationStatusGroup,conservationStatusGroupList < conservationStatusGroup,"","","","","",otherPartyGroupList < otherPartyGroup,otherPartyGroupList < otherPartyGroup,otherPartyGroupList < otherPartyGroup,otherPartyGroupList < otherPartyGroup,otherPartyGroupList < otherPartyGroup,otherPartyGroupList < otherPartyGroup,examinationGroupList < examinationGroup,examinationGroupList < examinationGroup,examinationGroupList < examinationGroup,examinationGroupList < examinationGroup,examinationGroupList < examinationGroup,"","","","","","","","","","","","",destAnalysisGroupList < destAnalysisGroup,destAnalysisGroupList < destAnalysisGroup,destAnalysisGroupList < destAnalysisGroup,destAnalysisGroupList < destAnalysisGroup,destAnalysisGroupList < destAnalysisGroup,destAnalysisGroupList < destAnalysisGroup,destAnalysisGroupList < destAnalysisGroup,destAnalysisGroupList < destAnalysisGroup,"",""
VALUE SOURCE TYPE,na,vocabulary,na,vocabulary,authority,authority,authority,authority,authority,authority,authority,authority,vocabulary,na,authority,authority,vocabulary,na,na,na,na,authority,authority,na,na,na,na,na,authority,authority,na,na,na,authority,authority,na,na,na,na,na,na
VALUE SOURCE,"",conservationstatus,"",treatmentpurpose,person/local,person/shared,organization/local,organization/shared,person/local,person/shared,organization/local,organization/shared,otherpartyrole,"",person/local,person/shared,examinationphase,"","","","",person/local,person/shared,"","","","","",person/local,person/shared,"","","",person/local,person/shared,"","","","","",""
CSVHEADER,conservationNumber,status,statusDate,treatmentPurpose,conservatorPersonLocal,conservatorPersonShared,conservatorOrganizationLocal,conservatorOrganizationShared,otherPartyPersonLocal,otherPartyPersonShared,otherPartyOrganizationLocal,otherPartyOrganizationShared,otherPartyRole,otherPartyNote,examinationStaffPersonLocal,examinationStaffPersonShared,examinationPhase,examinationDate,examinationNote,fabricationNote,proposedTreatment,approvedByPersonLocal,approvedByPersonShared,approvedDate,treatmentStartDate,treatmentEndDate,treatmentSummary,proposedAnalysis,researcherPersonLocal,researcherPersonShared,proposedAnalysisDate,destAnalysisApprovedDate,destAnalysisApprovalNote,sampleByPersonLocal,sampleByPersonShared,sampleDate,sampleDescription,sampleReturned,sampleReturnedLocation,analysisMethod,analysisResults
