profile,authority,authority_vocab,used_in_profile,controlled_field_ct,controlled_fields
fcart_9_0,chronology,chronology/era,y,6,"Chronology: Associated event/era
Object: Associated controlled event or period/era (Associations)
Object: Content controlled event or period/era (Content)
Object: Production era
Person: Associated event/era
Place: Associated event/era"
fcart_9_0,chronology,chronology/event,y,5,"Chronology: Associated event/era
Object: Associated controlled event or period/era (Associations)
Object: Content controlled event or period/era (Content)
Person: Associated event/era
Place: Associated event/era"
fcart_9_0,citation,citation/local,y,30,"Chronology: Alternative date citation
Chronology: Associated concept citation
Chronology: Associated event/era citation
Chronology: Associated organization citation
Chronology: Associated people citation
Chronology: Associated person citation
Chronology: Associated place citation
Chronology: Resource identifier citation
Chronology: Term source name (Source)
Citation: Term source name (Source)
Concept: Term source name (Source)
Exhibition: Bibliographic reference
Object: Reference
Organization: Term source name (Source)
Person: Associated concept citation
Person: Associated event/era citation
Person: Associated organization citation
Person: Associated people citation
Person: Associated person citation
Person: Associated place citation
Person: Term source name (Source)
Place: Associated concept citation
Place: Associated event/era citation
Place: Associated organization citation
Place: Associated people citation
Place: Associated person citation
Place: Associated place citation
Place: Term source name (Source)
Storage Location: Term source name (Source)
Work: Term source name (Source)"
fcart_9_0,citation,citation/worldcat,y,30,"Chronology: Alternative date citation
Chronology: Associated concept citation
Chronology: Associated event/era citation
Chronology: Associated organization citation
Chronology: Associated people citation
Chronology: Associated person citation
Chronology: Associated place citation
Chronology: Resource identifier citation
Chronology: Term source name (Source)
Citation: Term source name (Source)
Concept: Term source name (Source)
Exhibition: Bibliographic reference
Object: Reference
Organization: Term source name (Source)
Person: Associated concept citation
Person: Associated event/era citation
Person: Associated organization citation
Person: Associated people citation
Person: Associated person citation
Person: Associated place citation
Person: Term source name (Source)
Place: Associated concept citation
Place: Associated event/era citation
Place: Associated organization citation
Place: Associated people citation
Place: Associated person citation
Place: Associated place citation
Place: Term source name (Source)
Storage Location: Term source name (Source)
Work: Term source name (Source)"
fcart_9_0,concept,concept/activity,y,6,"Chronology: Associated concept
Citation: Related term
Object: Associated activity (Associations)
Object: Content activity (Content)
Person: Associated concept
Place: Associated concept"
fcart_9_0,concept,concept/archculture,n,0,""
fcart_9_0,concept,concept/associated,y,10,"Chronology: Associated concept
Chronology: Associated people
Citation: Related term
Concept: Related concept
Object: Associated concept (Associations)
Object: Content concept (Content)
Person: Associated concept
Person: Associated people
Place: Associated concept
Place: Associated people"
fcart_9_0,concept,concept/ethculture,y,3,"Object: Associated event people (Associations)
Object: Associated people (Associations)
Object: Content people (Content)"
fcart_9_0,concept,concept/material,y,6,"Chronology: Associated concept
Citation: Related term
Object: Content concept (Content)
Object: Material controlled
Person: Associated concept
Place: Associated concept"
fcart_9_0,concept,concept/nomenclature,y,4,"Chronology: Associated concept
Object: Object name controlled
Person: Associated concept
Place: Associated concept"
fcart_9_0,concept,concept/occasion,y,4,"Chronology: Associated concept
Person: Associated concept
Place: Associated concept
Use of Collections: Occasion"
fcart_9_0,location,location/local,y,8,"Exhibition: Venue name
Intake: Current location
Intake: Normal location
Location/Movement/Inventory: Current location (Current location)
Location/Movement/Inventory: Normal location
Object: Computed current location
Object: Home location
Use of Collections: Location"
fcart_9_0,location,location/offsite,y,7,"Exhibition: Venue name
Intake: Current location
Intake: Normal location
Location/Movement/Inventory: Current location (Current location)
Location/Movement/Inventory: Normal location
Object: Computed current location
Object: Home location"
fcart_9_0,organization,organization/local,y,80,"Acquisitions: Acquisition source
Acquisitions: Funding source
Acquisitions: Owner
Acquisitions: Parties involved on behalf of
Chronology: Associated organization
Citation: Agent name
Citation: Publisher
Condition Check: Checker/assessor
Conservation: Conservator
Conservation: Other treatment party name
Deaccession: Exit recipient
Deaccession: Parties involved on behalf of
Exhibition: Organizer
Exhibition: Sponsor
Exhibition: Venue name
Exhibition: Working group member name
Insurance/Indemnity: Insurer/indemnifier
Insurance/Indemnity: Quote provider
Intake: Condition check assessor
Intake: Current location
Intake: Current owner
Intake: Depositor name
Intake: Insurer
Intake: Normal location
Intake: Valuer
Iteration Report: Exhibition approval entity
Iteration Report: Further installation detail approval entity
Iteration Report: Installed equipment approval entity
Iteration Report: Iteration creator/supervisor name
Iteration Report: Iteration-specific modification approval entity
Iteration Report: Security approval entity
Iteration Report: Space, as installed approval entity
Iteration Report: Technical setup approval entity
Loan In: Lender name
Loan Out: Borrower name (Borrower)
Location/Movement/Inventory: Current location (Current location)
Location/Movement/Inventory: Normal location
Media Handling: Contributor
Media Handling: Creator
Media Handling: Measured by
Media Handling: Publisher
Media Handling: Rights holder
Object Exit (Legacy): Current owner
Object Exit (Legacy): Depositor
Object Exit (Legacy): Disposal proposed recipient
Object Exit (Legacy): Disposal recipient
Object Exit: Exit agent name
Object Exit: Owner after exit
Object: Associated event organization (Associations)
Object: Associated organization (Associations)
Object: Computed current location
Object: Content organization (Content)
Object: Domain host
Object: Domain owner
Object: Home location
Object: Measured by
Object: Non-textual inscription inscriber (Non-Textual Inscription)
Object: Owner
Object: Production organization
Object: Right holder contact
Object: Right holder name
Object: Textual inscription inscriber (Textual Inscription)
Person: Associated organization
Place: Associated organization
Place: Georeferenced by
Place: Owner
Transport: Arrival point (Arrival)
Transport: Courier name
Transport: Customs broker name (Customs broker)
Transport: Departure point (Departure)
Transport: Shipping quote provider
Transport: Transporter name (Transporter)
Use of Collections: Authorized by
Use of Collections: Location
Use of Collections: Staff name
Use of Collections: User institution
Use of Collections: User name
Valuation Control: Source
Work: Creator name
Work: Publisher name"
fcart_9_0,organization,organization/ulan,y,10,"Chronology: Associated organization
Exhibition: Organizer
Exhibition: Sponsor
Exhibition: Venue name
Exhibition: Working group member name
Insurance/Indemnity: Insurer/indemnifier
Insurance/Indemnity: Quote provider
Object: Content organization (Content)
Person: Associated organization
Place: Associated organization"
fcart_9_0,person,person/local,y,104,"Acquisitions: Acquisition source
Acquisitions: Approval individual (Approval group)
Acquisitions: Authorizer (Authorization)
Acquisitions: Funding source
Acquisitions: Owner
Acquisitions: Parties involved person
Chronology: Associated person
Citation: Agent name
Condition Check: Checker/assessor
Conservation: Analysis researcher
Conservation: Approved by
Conservation: Conservator
Conservation: Destructive analysis sample taken by
Conservation: Examination staff
Conservation: Other treatment party name
Deaccession: Deaccession approval individual (Deaccession approval group)
Deaccession: Exit recipient
Deaccession: Parties involved person
Exhibition: Organizer
Exhibition: Sponsor
Exhibition: Working group member name
Group: Group owner
Insurance/Indemnity: Authorizer (Authorization)
Insurance/Indemnity: Insurer/indemnifier
Insurance/Indemnity: Quote provider
Intake: Approval individual (Approval group)
Intake: Condition check assessor
Intake: Current owner
Intake: Depositor name
Intake: Insurer
Intake: Valuer
Iteration Report: Artist or representative
Iteration Report: Exhibition approval entity
Iteration Report: Further installation detail approval entity
Iteration Report: Installed equipment approval entity
Iteration Report: Installer name
Iteration Report: Iteration creator/supervisor name
Iteration Report: Iteration evaluation evaluator (Iteration Evaluation)
Iteration Report: Iteration-specific modification approval entity
Iteration Report: Maintenance contact
Iteration Report: Security approval entity
Iteration Report: Space, as installed approval entity
Iteration Report: Technical setup approval entity
Loan In: Borrower authorizer (Borrower)
Loan In: Borrower contact (Borrower)
Loan In: Lender authorizer
Loan In: Lender contact
Loan In: Lender name
Loan In: Loan status individual
Loan Out: Borrower authorizer (Borrower)
Loan Out: Borrower contact (Borrower)
Loan Out: Borrower name (Borrower)
Loan Out: Lender authorizer (Lender)
Loan Out: Lender contact (Lender)
Loan Out: Loan status individual
Location/Movement/Inventory: Inventory contact
Location/Movement/Inventory: Movement contact
Media Handling: Contributor
Media Handling: Creator
Media Handling: Measured by
Media Handling: Publisher
Media Handling: Rights holder
Object Exit (Legacy): Current owner
Object Exit (Legacy): Deaccession approval individual
Object Exit (Legacy): Deaccession authorizer
Object Exit (Legacy): Depositor
Object Exit (Legacy): Disposal proposed recipient
Object Exit (Legacy): Disposal recipient
Object Exit: Approval status individual
Object Exit: Exit agent name
Object Exit: Owner after exit
Object: Annotation author
Object: Associated event person (Associations)
Object: Associated person (Associations)
Object: Content person (Content)
Object: Measured by
Object: Non-textual inscription inscriber (Non-Textual Inscription)
Object: Object count counted by
Object: Object significance assigned contact
Object: Owner
Object: Production person
Object: Right holder contact
Object: Right holder name
Object: Supplied by
Object: Textual inscription inscriber (Textual Inscription)
Organization: Contact name
Person: Associated person
Person: Other information author
Place: Associated person
Place: Georeferenced by
Place: Owner
Transport: Courier name
Transport: Customs broker contact (Customs broker)
Transport: Customs broker name (Customs broker)
Transport: Shipping quote provider
Transport: Transport authorizer (Authorization)
Transport: Transporter contact (Transporter)
Transport: Transporter name (Transporter)
Use of Collections: Authorized by
Use of Collections: Staff name
Use of Collections: User name
Valuation Control: Source
Work: Creator name
Work: Publisher name"
fcart_9_0,person,person/ulan,y,14,"Chronology: Associated person
Citation: Agent name
Exhibition: Organizer
Exhibition: Sponsor
Exhibition: Working group member name
Insurance/Indemnity: Authorizer (Authorization)
Insurance/Indemnity: Insurer/indemnifier
Insurance/Indemnity: Quote provider
Object: Content person (Content)
Object: Object count counted by
Object: Object significance assigned contact
Object: Supplied by
Person: Associated person
Place: Associated person"
fcart_9_0,place,place/local,y,27,"Chronology: Alternative date spatial coverage
Chronology: Associated place
Chronology: Spatial coverage
Citation: Publication place
Exhibition: Venue name
Intake: Current location
Intake: Normal location
Location/Movement/Inventory: Current location (Current location)
Location/Movement/Inventory: Normal location
Object: Associated event place (Associations)
Object: Associated place (Associations)
Object: Content place (Content)
Object: Content place (controlled) (Content)
Object: Ownership place
Object: Production place
Person: Associated place
Person: Birth place supplied
Place: Address country
Place: Address municipality
Place: Address state/province
Place: Associated place
Transport: Arrival point (Arrival)
Transport: Departure point (Departure)
Use of Collections: Location
Work: Address country
Work: Address municipality
Work: Address state/province"
fcart_9_0,place,place/tgn,y,13,"Chronology: Alternative date spatial coverage
Chronology: Associated place
Chronology: Spatial coverage
Citation: Publication place
Exhibition: Venue name
Person: Associated place
Place: Address country
Place: Address municipality
Place: Address state/province
Place: Associated place
Work: Address country
Work: Address municipality
Work: Address state/province"
fcart_9_0,work,work/cona,y,1,Object: Content work name (Content)
fcart_9_0,work,work/local,y,2,"Object: Content work name (Content)
Object: Named collection"
