"Before importing CSV, delete initial column and rows above the CSVHEADER row","","","","","","","","","","","","","","","","","","","","","","","","","","","","","","","","",""
REQUIRED,y,n,n,n,n,n,n,n,n,n,n,n,n,n,n,n,n,n,n,n,n,n,n,n,n,n,n,n,n,n,n,n,n
DATA TYPE,string,string,string,string,string,string,string,string,string,string,float,string,string,date,string,string,string,string,string,string,string,string,string,string,string,structured date group,string,string,string,string,string,string,string
REPEATABLE FIELD?,n,n,y,n,n,n,n,n,n,n,n,n,n,n,n,n,n,n,y,n,n,y,n,y,n,y,n,y,n,n,n,n,n
REPEATING FIELD GROUP,"","","","",measuredPartGroupList < measuredPartGroup,measuredPartGroupList < measuredPartGroup,measuredPartGroupList < measuredPartGroup < dimensionSubGroupList < dimensionSubGroup,measuredPartGroupList < measuredPartGroup < dimensionSubGroupList < dimensionSubGroup,measuredPartGroupList < measuredPartGroup < dimensionSubGroupList < dimensionSubGroup,measuredPartGroupList < measuredPartGroup < dimensionSubGroupList < dimensionSubGroup,measuredPartGroupList < measuredPartGroup < dimensionSubGroupList < dimensionSubGroup,measuredPartGroupList < measuredPartGroup < dimensionSubGroupList < dimensionSubGroup,measuredPartGroupList < measuredPartGroup < dimensionSubGroupList < dimensionSubGroup,measuredPartGroupList < measuredPartGroup < dimensionSubGroupList < dimensionSubGroup,"","","","","","","","","","","","","","","","","","",""
VALUE SOURCE TYPE,na,na,vocabulary,na,optionlist,na,optionlist,authority,authority,optionlist,na,optionlist,na,na,authority,authority,authority,authority,vocabulary,authority,authority,na,na,optionlist,na,na,na,na,authority,authority,na,na,na
VALUE SOURCE,"","",publishto,"","base, frame, framed, image-size, mount, paper-size, plate-size, unframed","","area, base, circumference, count, depth, diameter, height, length, running-time, target, volume, weight, width",person/local,organization/local,"balance_beam_scale, electronic_distance_measurement, goniometer, hydraulic_or_pneumatic_scale, measuring_tape_cloth, measuring_tape_metal, microscopy_reticule, odometer, optical_range_finder, osteometric_board, pacing_pedometer, protractor, ruler, sliding_calipers, spreading_calipers, spring_scale, stadia_transit, standard_mesh_screen, taping_chaining, theodolite_total_station","","carats, centimeters, cubic-centimeters, feet, inches, kilograms, liters, meters, millimeters, minutes, ounces, pixels, pounds, square-feet, stories, tons","","",person/local,organization/local,person/local,organization/local,languages,person/local,organization/local,"","","dataset, document, moving_image, sound, still_image","","","","",person/local,organization/local,"","",""
CSVHEADER,identificationNumber,title,publishTo,externalUrl,measuredPart,dimensionSummary,dimension,measuredByPersonLocal,measuredByOrganizationLocal,measurementMethod,value,measurementUnit,valueQualifier,valueDate,contributorPersonLocal,contributorOrganizationLocal,creatorPersonLocal,creatorOrganizationLocal,language,publisherPersonLocal,publisherOrganizationLocal,relation,copyrightStatement,type,coverage,dateGroup,source,subject,rightsHolderPersonLocal,rightsHolderOrganizationLocal,description,altText,mediaFileURI
