"Before importing CSV, delete initial column and rows above the CSVHEADER row","","","","","","","","","","","","","","","","","","","","",""
REQUIRED,y,n,n,n,n,n,n,n,n,n,n,n,n,n,n,n,n,n,n,n,n
DATA TYPE,string,string,string,string,date,string,string,string,string,date,string,string,string,string,string,date,string,date,date,date,string
REPEATABLE FIELD?,n,n,n,n,n,n,n,n,n,n,n,n,n,n,n,n,n,n,n,n,n
REPEATING FIELD GROUP,"","","","","","","","","","","","",loanStatusGroupList < loanStatusGroup,loanStatusGroupList < loanStatusGroup,loanStatusGroupList < loanStatusGroup,loanStatusGroupList < loanStatusGroup,loanStatusGroupList < loanStatusGroup,"","","",""
VALUE SOURCE TYPE,na,optionlist,authority,authority,na,authority,authority,authority,authority,na,na,na,vocabulary,authority,vocabulary,na,na,na,na,na,na
VALUE SOURCE,"","analysis, conservationotherrequestedservices, exhibition, longtermcollectionsmanagementandstorage, photography, research, scientificorexhibitpreparation",person/local,person/local,"",person/local,organization/local,person/local,person/local,"","","",deaccessionapprovalgroup,person/local,loanoutstatus,"","","","","",""
CSVHEADER,loanOutNumber,loanPurpose,lendersAuthorizerPersonLocal,lendersContactPersonLocal,lendersAuthorizationDate,borrowerPersonLocal,borrowerOrganizationLocal,borrowersContactPersonLocal,borrowersAuthorizerPersonLocal,borrowersAuthorizationDate,specialConditionsOfLoan,loanOutNote,loanGroup,loanIndividualPersonLocal,loanStatus,loanStatusDate,loanStatusNote,loanOutDate,loanReturnDate,loanRenewalApplicationDate,creditLine
