"Before importing CSV, delete initial column and rows above the CSVHEADER row","","","","","","","","","","","","","","","","","","","","","","","","","","","","","","","","","","","","","","","","","","",""
REQUIRED,y,n,n,n,n,n,n,n,n,n,n,n,n,n,n,n,n,n,n,n,n,n,n,n,n,n,n,n,n,n,n,n,n,n,n,n,n,n,n,n,n,n,n
DATA TYPE,string,string,string,string,string,string,string,string,string,string,string,string,date,date,string,string,string,string,date,string,string,date,string,integer,float,string,date,string,string,string,float,string,string,string,string,string,float,boolean,string,string,string,boolean,string
REPEATABLE FIELD?,n,y,y,n,n,y,n,n,n,n,n,n,n,n,y,n,n,n,n,n,n,n,n,n,n,n,n,n,n,n,n,n,y,y,y,n,n,n,n,n,n,n,n
REPEATING FIELD GROUP,"","","","","","",userGroupList < userGroup,userGroupList < userGroup,userGroupList < userGroup,userGroupList < userGroup,userGroupList < userGroup,"","","","","",authorizationGroupList < authorizationGroup,authorizationGroupList < authorizationGroup,authorizationGroupList < authorizationGroup,authorizationGroupList < authorizationGroup,authorizationGroupList < authorizationGroup,useDateGroupList < useDateGroup,useDateGroupList < useDateGroup,useDateGroupList < useDateGroup,useDateGroupList < useDateGroup,useDateGroupList < useDateGroup,"",staffGroupList < staffGroup,staffGroupList < staffGroup,staffGroupList < staffGroup,staffGroupList < staffGroup,staffGroupList < staffGroup,"","","",feeGroupList < feeGroup,feeGroupList < feeGroup,feeGroupList < feeGroup,feeGroupList < feeGroup,"","","",""
VALUE SOURCE TYPE,na,vocabulary,vocabulary,vocabulary,vocabulary,vocabulary,authority,authority,vocabulary,authority,vocabulary,na,na,na,authority,na,authority,authority,na,vocabulary,na,na,na,na,na,na,na,authority,authority,vocabulary,na,na,authority,authority,authority,vocabulary,na,na,na,na,na,na,na
VALUE SOURCE,"",uocmethods,uoccollectiontypes,uocprojectid,uocsubcollections,uocmaterialtypes,person/local,organization/local,uocuserroles,organization/local,uocusertypes,"","","",concept/occasion,"",person/local,organization/local,"",uocauthorizationstatuses,"","","","","","","",person/local,organization/local,uocstaffroles,"","",organization/local,place/local,location/local,currency,"","","","","","",""
CSVHEADER,referenceNumber,method,collectionType,projectId,subcollection,materialType,userPersonLocal,userOrganizationLocal,userUocRole,userInstitution,userInstitutionRole,title,dateRequested,dateCompleted,occasion,projectDescription,authorizedByPersonLocal,authorizedByOrganizationLocal,authorizationDate,authorizationStatus,authorizationNote,useDate,useDateTimeNote,useDateNumberOfVisitors,useDateHoursSpent,useDateVisitorNote,endDate,staffNamePersonLocal,staffNameOrganizationLocal,staffRole,staffHours,staffNote,locationOrganizationLocal,locationPlaceLocal,locationLocationLocal,feeCurrency,feeValue,feePaid,feeNote,note,provisos,obligationsFulfilled,result
