"Before importing CSV, delete initial column and rows above the CSVHEADER row","","","","","","","","","","","","","","","","","","","","","","","","",""
REQUIRED,y,n,n,n,n,n,n,n,n,n,n,n,n,n,n,n,n,n,n,n,n,n,n,n,n
DATA TYPE,string,string,string,string,string,string,string,string,float,string,float,string,string,date,string,date,string,string,string,string,string,string,string,float,date
REPEATABLE FIELD?,n,n,n,n,n,n,n,n,n,n,n,n,n,n,n,n,n,n,n,n,n,n,n,n,n
REPEATING FIELD GROUP,"","","","","","","","","","","","","","",insuranceIndemnityStatusGroupList < insuranceIndemnityStatusGroup,insuranceIndemnityStatusGroupList < insuranceIndemnityStatusGroup,insuranceIndemnityStatusGroupList < insuranceIndemnityStatusGroup,"",quoteProviderGroupList < quoteProviderGroup,quoteProviderGroupList < quoteProviderGroup,quoteProviderGroupList < quoteProviderGroup,quoteProviderGroupList < quoteProviderGroup,quoteProviderGroupList < quoteProviderGroup,quoteProviderGroupList < quoteProviderGroup,quoteProviderGroupList < quoteProviderGroup
VALUE SOURCE TYPE,na,vocabulary,authority,authority,authority,authority,na,vocabulary,na,vocabulary,na,authority,authority,na,vocabulary,na,na,na,authority,authority,authority,authority,vocabulary,na,na
VALUE SOURCE,"",insurancetype,person/local,person/ulan,organization/local,organization/ulan,"",currency,"",currency,"",person/local,person/ulan,"",insurancestatus,"","","",person/local,person/ulan,organization/local,organization/ulan,currency,"",""
CSVHEADER,insuranceIndemnityReferenceNumber,insuranceIndemnityType,insurerIndemnifierPersonLocal,insurerIndemnifierPersonUlan,insurerIndemnifierOrganizationLocal,insurerIndemnifierOrganizationUlan,insuranceIndemnityPolicyNumber,insuranceIndemnityCurrency,insuranceIndemnityValue,minimumLiabilityCurrency,minimumLiabilityValue,insuranceIndemnityAuthorizerPersonLocal,insuranceIndemnityAuthorizerPersonUlan,insuranceIndemnityAuthorizationDate,insuranceIndemnityStatus,insuranceIndemnityStatusDate,insuranceIndemnityStatusNote,insuranceIndemnityNote,insuranceIndemnityQuoteProviderPersonLocal,insuranceIndemnityQuoteProviderPersonUlan,insuranceIndemnityQuoteProviderOrganizationLocal,insuranceIndemnityQuoteProviderOrganizationUlan,insuranceIndemnityQuoteCurrency,insuranceIndemnityQuoteValue,insuranceIndemnityQuoteDate
