"Before importing CSV, delete initial column and rows above the CSVHEADER row","","","","","","","","","","","","","","","","","","","","","","","","","","","","","","","","",""
REQUIRED,y,n,n,n,n,n,n,n,n,n,n,n,n,n,n,n,n,n,n,n,n,n,n,n,n,n,n,n,n,n,n,n,n
DATA TYPE,string,string,date,string,string,string,string,string,string,string,string,string,date,string,string,string,string,date,date,date,string,string,string,date,date,string,string,date,string,boolean,string,string,string
REPEATABLE FIELD?,n,n,n,n,y,y,n,n,n,n,n,n,n,n,n,n,n,n,n,n,n,n,n,n,n,n,n,n,n,n,n,n,n
REPEATING FIELD GROUP,"",conservationStatusGroupList < conservationStatusGroup,conservationStatusGroupList < conservationStatusGroup,"","","",otherPartyGroupList < otherPartyGroup,otherPartyGroupList < otherPartyGroup,otherPartyGroupList < otherPartyGroup,otherPartyGroupList < otherPartyGroup,examinationGroupList < examinationGroup,examinationGroupList < examinationGroup,examinationGroupList < examinationGroup,examinationGroupList < examinationGroup,"","","","","","","","","","",destAnalysisGroupList < destAnalysisGroup,destAnalysisGroupList < destAnalysisGroup,destAnalysisGroupList < destAnalysisGroup,destAnalysisGroupList < destAnalysisGroup,destAnalysisGroupList < destAnalysisGroup,destAnalysisGroupList < destAnalysisGroup,destAnalysisGroupList < destAnalysisGroup,"",""
VALUE SOURCE TYPE,na,vocabulary,na,vocabulary,authority,authority,authority,authority,vocabulary,na,authority,vocabulary,na,na,na,na,authority,na,na,na,na,na,authority,na,na,na,authority,na,na,na,na,na,na
VALUE SOURCE,"",conservationstatus,"",treatmentpurpose,person/local,organization/local,person/local,organization/local,otherpartyrole,"",person/local,examinationphase,"","","","",person/local,"","","","","",person/local,"","","",person/local,"","","","","",""
CSVHEADER,conservationNumber,status,statusDate,treatmentPurpose,conservatorPersonLocal,conservatorOrganizationLocal,otherPartyPersonLocal,otherPartyOrganizationLocal,otherPartyRole,otherPartyNote,examinationStaffPersonLocal,examinationPhase,examinationDate,examinationNote,fabricationNote,proposedTreatment,approvedByPersonLocal,approvedDate,treatmentStartDate,treatmentEndDate,treatmentSummary,proposedAnalysis,researcherPersonLocal,proposedAnalysisDate,destAnalysisApprovedDate,destAnalysisApprovalNote,sampleByPersonLocal,sampleDate,sampleDescription,sampleReturned,sampleReturnedLocation,analysisMethod,analysisResults
