"Before importing CSV, delete initial column and rows above the CSVHEADER row","","","","","","","","","","","","","","","","","","","","","","","","","","","","","","","","","","","","","","","","","","","","","","","","","",""
REQUIRED,y,n,n,n,n,n,n,n,n,n,n,n,n,n,n,n,n,n,n,n,n,n,n,n,n,n,n,n,n,n,n,n,n,n,n,n,n,n,n,n,n,n,n,n,n,n,n,n,n,n
DATA TYPE,string,date,string,string,string,string,string,date,string,string,string,string,string,string,string,string,string,date,string,string,string,string,string,string,string,string,date,string,float,string,string,string,float,string,string,string,string,string,string,date,string,string,string,string,string,string,date,string,string,string
REPEATABLE FIELD?,n,n,n,n,n,n,y,n,y,y,n,n,n,n,n,n,n,n,n,n,n,n,n,y,y,n,n,n,n,n,n,n,n,n,n,n,n,n,n,n,n,n,y,y,y,y,n,n,n,n
REPEATING FIELD GROUP,"","","","","","","","","","",depositorGroupList < depositorGroup,depositorGroupList < depositorGroup,depositorGroupList < depositorGroup,"",approvalGroupList < approvalGroup,approvalGroupList < approvalGroup,approvalGroupList < approvalGroup,approvalGroupList < approvalGroup,approvalGroupList < approvalGroup,"","","","","","","","",premiumGroupList < premiumGroup,premiumGroupList < premiumGroup,"","",insuredValueGroupList < insuredValueGroup,insuredValueGroupList < insuredValueGroup,currentLocationGroupList < currentLocationGroup,currentLocationGroupList < currentLocationGroup,currentLocationGroupList < currentLocationGroup,currentLocationGroupList < currentLocationGroup,currentLocationGroupList < currentLocationGroup,currentLocationGroupList < currentLocationGroup,"","","","","","","","","","",""
VALUE SOURCE TYPE,na,na,authority,authority,authority,optionlist,vocabulary,na,authority,authority,authority,authority,na,vocabulary,vocabulary,authority,vocabulary,na,na,na,na,authority,authority,authority,authority,na,na,vocabulary,na,na,optionlist,vocabulary,na,authority,authority,authority,authority,vocabulary,na,na,authority,authority,vocabulary,vocabulary,authority,authority,na,na,vocabulary,na
VALUE SOURCE,"","",person/local,person/ulan,organization/local,"commission, consideration, enquiry, loan",entrymethod,"",person/local,organization/local,person/local,organization/local,"",intakestatus,deaccessionapprovalgroup,person/local,deaccessionapprovalstatus,"","","","",person/local,organization/local,person/local,organization/local,"","",currency,"","","borrower, lender",currency,"",location/local,location/offsite,organization/local,place/local,conditionfitness,"","",person/local,person/ulan,conditioncheckmethod,conditioncheckreason,person/local,organization/local,"","",condition,""
CSVHEADER,entryNumber,entryDate,receivedByPersonLocal,receivedByPersonUlan,receivedByOrganizationLocal,entryReason,entryMethod,returnDate,currentOwnerPersonLocal,currentOwnerOrganizationLocal,depositorPersonLocal,depositorOrganizationLocal,depositorsRequirements,intakeStatus,approvalGroup,approvalIndividualPersonLocal,approvalStatus,approvalDate,approvalNote,entryNote,packingNote,valuerPersonLocal,valuerOrganizationLocal,insurerPersonLocal,insurerOrganizationLocal,insurancePolicyNumber,insuranceRenewalDate,premiumCurrency,premiumValue,insuranceNote,insuredBy,insuredValueCurrency,insuredValue,currentLocationLocationLocal,currentLocationLocationOffsite,currentLocationOrganizationLocal,currentLocationPlaceLocal,currentLocationFitness,currentLocationNote,locationDate,inventoriedByPersonLocal,inventoriedByPersonUlan,conditionCheckMethod,conditionCheckReason,conditionCheckerOrAssessorPersonLocal,conditionCheckerOrAssessorOrganizationLocal,conditionCheckDate,conditionCheckReferenceNumber,intakeCondition,conditionCheckNote
