"Before importing CSV, delete initial column and rows above the CSVHEADER row","","","","","","","","","","","","","","","","","","","","",""
REQUIRED,y,n,n,n,n,n,n,n,n,n,n,n,n,n,n,n,n,n,n,n,n
DATA TYPE,string,string,string,date,string,string,string,string,string,string,string,date,string,string,date,string,string,date,date,date,string
REPEATABLE FIELD?,n,n,n,n,n,n,n,n,n,n,n,n,n,n,n,n,n,n,n,n,n
REPEATING FIELD GROUP,"","",loaninStatusLHMCGroupList < loaninStatusLHMCGroup,loaninStatusLHMCGroupList < loaninStatusLHMCGroup,loaninStatusLHMCGroupList < loaninStatusLHMCGroup,loaninStatusLHMCGroupList < loaninStatusLHMCGroup,loaninStatusLHMCGroupList < loaninStatusLHMCGroup,lenderGroupList < lenderGroup,lenderGroupList < lenderGroup,lenderGroupList < lenderGroup,lenderGroupList < lenderGroup,lenderGroupList < lenderGroup,"","","","","","","","",""
VALUE SOURCE TYPE,na,optionlist,vocabulary,na,authority,authority,na,authority,authority,authority,authority,na,authority,authority,na,na,na,na,na,na,na
VALUE SOURCE,"","analysis, conservationotherrequestedservices, exhibition, longtermcollectionsmanagementandstorage, photography, research, scientificorexhibitpreparation",loanoutstatus,"",person/local,person/ulan,"",person/local,organization/local,person/local,person/local,"",person/local,person/local,"","","","","","",""
CSVHEADER,loanInNumber,loanPurpose,loaninStatusLHMC,loaninStatusDateLHMC,loaninStatusAuthorizerLHMCPersonLocal,loaninStatusAuthorizerLHMCPersonUlan,loaninStatusNoteLHMC,lenderPersonLocal,lenderOrganizationLocal,lendersContactPersonLocal,lendersAuthorizerPersonLocal,lendersAuthorizationDate,borrowersContactPersonLocal,borrowersAuthorizerPersonLocal,borrowersAuthorizationDate,loanInConditions,loanInNote,loanInDate,loanReturnDate,loanRenewalApplicationDate,creditLine
