"Before importing CSV, delete initial column and rows above the CSVHEADER row","","","","","","","","","","","","","","","","","","","","","",""
REQUIRED,y,n,n,n,n,n,n,n,n,n,n,n,n,n,n,n,n,n,n,n,n,n
DATA TYPE,string,string,string,string,date,string,string,string,string,date,string,string,string,date,string,string,string,string,date,date,date,string
REPEATABLE FIELD?,n,n,n,n,n,n,n,n,n,n,n,n,n,n,n,n,n,n,n,n,n,n
REPEATING FIELD GROUP,"","","","","","","","","","","","",loanoutStatusLHMCGroupList < loanoutStatusLHMCGroup,loanoutStatusLHMCGroupList < loanoutStatusLHMCGroup,loanoutStatusLHMCGroupList < loanoutStatusLHMCGroup,loanoutStatusLHMCGroupList < loanoutStatusLHMCGroup,loanoutStatusLHMCGroupList < loanoutStatusLHMCGroup,loanoutStatusLHMCGroupList < loanoutStatusLHMCGroup,"","","",""
VALUE SOURCE TYPE,na,optionlist,authority,authority,na,authority,authority,authority,authority,na,na,na,vocabulary,na,authority,authority,authority,na,na,na,na,na
VALUE SOURCE,"","analysis, conservationotherrequestedservices, exhibition, longtermcollectionsmanagementandstorage, photography, research, scientificorexhibitpreparation",person/local,person/local,"",person/local,organization/local,person/local,person/local,"","","",loanoutstatus,"",person/local,person/ulan,organization/local,"","","","",""
CSVHEADER,loanOutNumber,loanPurpose,lendersAuthorizerPersonLocal,lendersContactPersonLocal,lendersAuthorizationDate,borrowerPersonLocal,borrowerOrganizationLocal,borrowersContactPersonLocal,borrowersAuthorizerPersonLocal,borrowersAuthorizationDate,specialConditionsOfLoan,loanOutNote,loanoutStatusLHMC,loanoutStatusDateLHMC,loanoutStatusAuthorizerLHMCPersonLocal,loanoutStatusAuthorizerLHMCPersonUlan,loanoutStatusAuthorizerLHMCOrganizationLocal,loanoutStatusNoteLHMC,loanOutDate,loanReturnDate,loanRenewalApplicationDate,creditLine
