"Before importing CSV, delete initial column and rows above the CSVHEADER row","","","","","","","","","","","","","","","","","","","","","","","","","","","","","","","",""
REQUIRED,y,n,n,n,n,n,n,n,n,n,n,n,n,n,n,n,n,n,n,n,n,n,n,n,n,n,n,n,n,n,n,n
DATA TYPE,string,string,string,string,string,string,string,boolean,string,string,string,string,string,string,structured date group,string,string,string,string,string,string,string,string,string,string,string,string,string,string,string,string,string
REPEATABLE FIELD?,n,n,n,n,n,n,n,n,n,n,n,n,n,n,y,n,n,n,n,n,n,n,n,n,n,n,n,n,n,n,n,n
REPEATING FIELD GROUP,workTermGroupList < workTermGroup,workTermGroupList < workTermGroup,workTermGroupList < workTermGroup,workTermGroupList < workTermGroup,workTermGroupList < workTermGroup,workTermGroupList < workTermGroup,workTermGroupList < workTermGroup,workTermGroupList < workTermGroup,workTermGroupList < workTermGroup,workTermGroupList < workTermGroup,workTermGroupList < workTermGroup,workTermGroupList < workTermGroup,workTermGroupList < workTermGroup,"","",creatorGroupList < creatorGroup,creatorGroupList < creatorGroup,creatorGroupList < creatorGroup,creatorGroupList < creatorGroup,creatorGroupList < creatorGroup,addrGroupList < addrGroup,addrGroupList < addrGroup,addrGroupList < addrGroup,addrGroupList < addrGroup,addrGroupList < addrGroup,addrGroupList < addrGroup,addrGroupList < addrGroup,addrGroupList < addrGroup,addrGroupList < addrGroup,addrGroupList < addrGroup,addrGroupList < addrGroup,addrGroupList < addrGroup
VALUE SOURCE TYPE,na,na,na,optionlist,na,vocabulary,vocabulary,na,authority,authority,na,na,na,vocabulary,na,authority,authority,authority,authority,vocabulary,na,na,authority,authority,authority,authority,authority,authority,na,authority,authority,vocabulary
VALUE SOURCE,"","","","complete, inprogress, quickaddedneedsattention","",worktermflag,languages,"",citation/local,citation/worldcat,"","","",worktype,"",person/local,person/shared,organization/local,organization/shared,workcreatortype,"","",place/local,place/shared,place/local,place/shared,place/local,place/shared,"",place/local,place/shared,addresstype
CSVHEADER,termDisplayName,termName,termQualifier,termStatus,termType,termFlag,termLanguage,termPrefForLang,termSourceCitationLocal,termSourceCitationWorldcat,termSourceDetail,termSourceID,termSourceNote,workType,workDateGroup,creatorPersonLocal,creatorPersonShared,creatorOrganizationLocal,creatorOrganizationShared,creatorType,addressPlace1,addressPlace2,addressMunicipalityPlaceLocal,addressMunicipalityPlaceShared,addressCountyPlaceLocal,addressCountyPlaceShared,addressStateOrProvincePlaceLocal,addressStateOrProvincePlaceShared,addressPostCode,addressCountryPlaceLocal,addressCountryPlaceShared,addressType
