"Before importing CSV, delete initial column and rows above the CSVHEADER row","","","","","","","","","","","","","","","","","","","","","","","","","","","","","","","","","","","","","","","","","",""
REQUIRED,y,n,n,n,n,n,n,n,n,n,n,n,n,n,n,n,n,n,n,n,n,n,n,n,n,n,n,n,n,n,n,n,n,n,n,n,n,n,n,n,n,n
DATA TYPE,string,string,date,string,string,string,string,string,string,string,string,string,string,string,string,string,string,string,date,string,string,string,date,date,string,float,string,string,string,date,string,date,date,string,float,string,string,string,date,string,string,string
REPEATABLE FIELD?,n,n,n,n,n,y,y,y,y,n,n,n,n,n,n,n,n,n,n,n,n,n,n,n,n,n,n,n,n,n,n,n,n,n,n,n,n,n,n,n,n,n
REPEATING FIELD GROUP,"",conservationStatusGroupList < conservationStatusGroup,conservationStatusGroupList < conservationStatusGroup,"","","","","","",otherPartyGroupList < otherPartyGroup,otherPartyGroupList < otherPartyGroup,otherPartyGroupList < otherPartyGroup,otherPartyGroupList < otherPartyGroup,otherPartyGroupList < otherPartyGroup,otherPartyGroupList < otherPartyGroup,examinationGroupList < examinationGroup,examinationGroupList < examinationGroup,examinationGroupList < examinationGroup,examinationGroupList < examinationGroup,examinationGroupList < examinationGroup,"","","","","","","","","","","","","","","","","","","","","",""
VALUE SOURCE TYPE,na,vocabulary,na,optionlist,vocabulary,authority,authority,authority,authority,authority,authority,authority,authority,vocabulary,na,authority,authority,vocabulary,na,na,na,na,na,na,vocabulary,na,na,authority,authority,na,na,na,na,vocabulary,na,na,authority,authority,na,na,na,na
VALUE SOURCE,"",conservationstatus,"","high, low, medium",treatmentpurpose,person/local,person/shared,organization/local,organization/shared,person/local,person/shared,organization/local,organization/shared,otherpartyrole,"",person/local,person/shared,examinationphase,"","","","","","",currency,"","",person/local,person/shared,"","","","",currency,"","",person/local,person/shared,"","","",""
CSVHEADER,conservationNumber,status,statusDate,conservationPriorityLevel,treatmentPurpose,conservatorPersonLocal,conservatorPersonShared,conservatorOrganizationLocal,conservatorOrganizationShared,otherPartyPersonLocal,otherPartyPersonShared,otherPartyOrganizationLocal,otherPartyOrganizationShared,otherPartyRole,otherPartyNote,examinationStaffPersonLocal,examinationStaffPersonShared,examinationPhase,examinationDate,examinationNote,fabricationNote,proposedTreatment,proposedTreatmentStartDate,proposedTreatmentEndDate,proposedTreatmentEstCurrency,proposedTreatmentEstValue,proposedTreatmentContractRestrictions,approvedByPersonLocal,approvedByPersonShared,approvedDate,treatmentSummary,treatmentStartDate,treatmentEndDate,treatmentCostCurrency,treatmentCostValue,proposedAnalysis,researcherPersonLocal,researcherPersonShared,proposedAnalysisDate,analysisMethod,analysisResults,analysisRecommendations
