"Before importing CSV, delete initial column and rows above the CSVHEADER row","","","","","","","","","","","","","","","","","","","","","","","","","","","","","","","","","","","","","","","","","","","","","","","","","","","","","","","","","","","","","","","","","","","","","","",""
REQUIRED,y,n,n,n,n,n,n,n,n,n,n,n,n,n,n,n,n,n,n,n,n,n,n,n,n,n,n,n,n,n,n,n,n,n,n,n,n,n,n,n,n,n,n,n,n,n,n,n,n,n,n,n,n,n,n,n,n,n,n,n,n,n,n,n,n,n,n,n,n,n,n
DATA TYPE,string,string,string,string,string,string,string,boolean,string,string,string,string,string,string,string,string,string,string,string,string,structured date group,string,structured date group,string,string,string,string,string,string,string,string,string,string,string,string,string,string,string,string,string,string,string,string,string,boolean,string,string,boolean,string,string,boolean,string,string,boolean,string,string,boolean,string,string,boolean,string,string,string,boolean,structured date group,string,string,string,date,string,string
REPEATABLE FIELD?,n,n,n,n,n,n,n,n,n,n,n,n,n,n,n,n,n,n,n,n,n,n,n,n,y,y,n,n,n,n,n,n,n,n,n,n,n,n,n,n,n,n,n,n,n,y,n,n,y,n,n,y,n,n,y,n,n,y,n,n,n,n,n,n,n,n,n,n,n,n,n
REPEATING FIELD GROUP,personTermGroupList < personTermGroup,personTermGroupList < personTermGroup,personTermGroupList < personTermGroup,personTermGroupList < personTermGroup,personTermGroupList < personTermGroup,personTermGroupList < personTermGroup,personTermGroupList < personTermGroup,personTermGroupList < personTermGroup,personTermGroupList < personTermGroup,personTermGroupList < personTermGroup,personTermGroupList < personTermGroup,personTermGroupList < personTermGroup,personTermGroupList < personTermGroup,personTermGroupList < personTermGroup,personTermGroupList < personTermGroup,personTermGroupList < personTermGroup,personTermGroupList < personTermGroup,personTermGroupList < personTermGroup,personTermGroupList < personTermGroup,personTermGroupList < personTermGroup,"","","","","","",socialMediaGroupList < socialMediaGroup,socialMediaGroupList < socialMediaGroup,"",emailGroupList < emailGroup,emailGroupList < emailGroup,telephoneNumberGroupList < telephoneNumberGroup,telephoneNumberGroupList < telephoneNumberGroup,faxNumberGroupList < faxNumberGroup,faxNumberGroupList < faxNumberGroup,webAddressGroupList < webAddressGroup,webAddressGroupList < webAddressGroup,addressGroupList < addressGroup,addressGroupList < addressGroup,addressGroupList < addressGroup,addressGroupList < addressGroup,addressGroupList < addressGroup,addressGroupList < addressGroup,addressGroupList < addressGroup,pronounGroupList < pronounGroup,pronounGroupList < pronounGroup < suppliedPronouns,pronounGroupList < pronounGroup,genderGroupList < genderGroup,genderGroupList < genderGroup < suppliedGenders,genderGroupList < genderGroup,raceGroupList < raceGroup,raceGroupList < raceGroup < suppliedRaces,raceGroupList < raceGroup,ethnicityGroupList < ethnicityGroup,ethnicityGroupList < ethnicityGroup < suppliedEthnicities,ethnicityGroupList < ethnicityGroup,sexualityGroupList < sexualityGroup,sexualityGroupList < sexualityGroup < suppliedSexualities,sexualityGroupList < sexualityGroup,birthPlaceGroupList < birthPlaceGroup,birthPlaceGroupList < birthPlaceGroup,birthPlaceGroupList < birthPlaceGroup,birthPlaceGroupList < birthPlaceGroup,suppliedBirthDateGroupList < suppliedBirthDateGroup,suppliedBirthDateGroupList < suppliedBirthDateGroup,suppliedBirthDateGroupList < suppliedBirthDateGroup,otherGroupList < otherGroup,otherGroupList < otherGroup,otherGroupList < otherGroup,otherGroupList < otherGroup,otherGroupList < otherGroup
VALUE SOURCE TYPE,na,na,na,optionlist,vocabulary,vocabulary,vocabulary,na,optionlist,optionlist,na,na,na,na,na,authority,authority,na,na,na,na,na,na,na,authority,authority,na,vocabulary,na,na,optionlist,na,optionlist,na,optionlist,na,optionlist,na,na,na,na,na,optionlist,optionlist,na,vocabulary,vocabulary,na,vocabulary,vocabulary,na,vocabulary,vocabulary,na,vocabulary,vocabulary,na,vocabulary,vocabulary,na,authority,authority,vocabulary,na,na,vocabulary,authority,authority,na,vocabulary,na
VALUE SOURCE,"","","","accepted, provisional, rejected, under review",persontermtype,persontermflag,languages,"","dear, hello, to","Admiral, Baron, Baroness, Captain, Commander, Commodore, Count, Countess, Dame, Dr, General, Governor, Honorable, Judge, King, Lady, Lord, Miss, Mr, Mrs, Ms, Prince, Princess, Professor, Queen, Reverend, Saint, Sir","","","","","",citation/local,citation/worldcat,"","","","","","","",organization/local,organization/shared,"",socialmediatype,"","","business, other, personal","","business, home, mobile, other","","business, home, other","","business, other, personal","","","","","","AD, AE, AF, AG, AI, AL, AM, AO, AQ, AR, AS, AT, AU, AW, AX, AZ, BA, BB, BD, BE, BF, BG, BH, BI, BJ, BL, BM, BN, BO, BQ, BR, BS, BT, BV, BW, BY, BZ, CA, CC, CD, CF, CG, CH, CI, CK, CL, CM, CN, CO, CR, CU, CV, CW, CX, CY, CZ, DE, DJ, DK, DM, DO, DZ, EC, EE, EG, EH, ER, ES, ET, FI, FJ, FK, FM, FO, FR, GA, GB, GD, GE, GF, GG, GH, GI, GL, GM, GN, GP, GQ, GR, GS, GT, GU, GW, GY, HK, HM, HN, HR, HT, HU, ID, IE, IL, IM, IN, IO, IQ, IR, IS, IT, JE, JM, JO, JP, KE, KG, KH, KI, KM, KN, KP, KR, KW, KY, KZ, LA, LB, LC, LI, LK, LR, LS, LT, LU, LV, LY, MA, MC, MD, ME, MF, MG, MH, MK, ML, MM, MN, MO, MP, MQ, MR, MS, MT, MU, MV, MW, MX, MY, MZ, NA, NC, NE, NF, NG, NI, NL, NO, NP, NR, NU, NZ, OM, PA, PE, PF, PG, PH, PK, PL, PM, PN, PR, PS, PT, PW, PY, QA, RE, RO, RS, RU, RW, SA, SB, SC, SD, SE, SG, SH, SI, SJ, SK, SL, SM, SN, SO, SR, SS, ST, SV, SX, SY, SZ, TC, TD, TF, TG, TH, TJ, TK, TL, TM, TN, TO, TR, TT, TV, TW, TZ, UA, UG, UM, US, UY, UZ, VA, VC, VE, VG, VI, VN, VU, WF, WS, YE, YT, ZA, ZM, ZW","business, home, other","",suppliedpronoun,userestriction,"",suppliedgender,userestriction,"",suppliedrace,userestriction,"",suppliedethnicity,userestriction,"",suppliedsexuality,userestriction,"",place/local,place/shared,userestriction,"","",userestriction,person/local,person/shared,"",userestriction,""
CSVHEADER,termDisplayName,termName,termQualifier,termStatus,termType,termFlag,termLanguage,termPrefForLang,salutation,title,foreName,middleName,surName,nameAdditions,initials,termSourceCitationLocal,termSourceCitationWorldcat,termSourceDetail,termSourceID,termSourceNote,birthDateGroup,birthPlace,deathDateGroup,deathPlace,organizationOrganizationLocal,organizationOrganizationShared,socialMediaHandle,socialMediaHandleType,bioNote,email,emailType,telephoneNumber,telephoneNumberType,faxNumber,faxNumberType,webAddress,webAddressType,addressPlace1,addressPlace2,addressMunicipality,addressStateOrProvince,addressPostCode,addressCountry,addressType,declinedToAnswerPronoun,suppliedPronoun,useRestrictionPronoun,declinedToAnswerGender,suppliedGender,useRestrictionGender,declinedToAnswerRace,suppliedRace,useRestrictionRace,declinedToAnswerEthnicity,suppliedEthnicity,useRestrictionEthnicity,declinedToAnswerSexuality,suppliedSexuality,useRestrictionSexuality,declinedToAnswerBirthPlace,suppliedBirthPlacePlaceLocal,suppliedBirthPlacePlaceShared,useRestrictionBirthPlace,declinedToAnswerBirthDate,suppliedStructuredBirthDateGroup,useRestrictionBirthDate,informationAuthorPersonLocal,informationAuthorPersonShared,informationDate,informationUseRestriction,otherInformation
