"Before importing CSV, delete initial column and rows above the CSVHEADER row","","","","","","","","","","","","","","","","","","",""
REQUIRED,y,n,n,n,n,n,n,n,n,n,n,n,n,n,n,n,n,n,n
DATA TYPE,string,string,float,date,date,string,string,string,string,string,string,string,string,string,string,string,string,string,date
REPEATABLE FIELD?,n,n,n,n,n,n,n,n,n,n,n,n,n,n,n,n,n,n,n
REPEATING FIELD GROUP,"",valueAmountsList < valueAmounts,valueAmountsList < valueAmounts,"","","","","","","","","",insuranceGroupList < insuranceGroup,insuranceGroupList < insuranceGroup,insuranceGroupList < insuranceGroup,insuranceGroupList < insuranceGroup,insuranceGroupList < insuranceGroup,insuranceGroupList < insuranceGroup,insuranceGroupList < insuranceGroup
VALUE SOURCE TYPE,na,vocabulary,na,na,na,authority,authority,authority,authority,vocabulary,optionlist,na,authority,authority,authority,authority,na,na,na
VALUE SOURCE,"",currency,"","","",person/local,person/shared,organization/local,organization/shared,valuationsourcerole,"Current Value, Original Value, Replacement Value","",person/local,person/shared,organization/local,organization/shared,"","",""
CSVHEADER,valuationcontrolRefNumber,valueCurrency,valueAmount,valueDate,valueRenewalDate,valueSourcePersonLocal,valueSourcePersonShared,valueSourceOrganizationLocal,valueSourceOrganizationShared,valueSourceRole,valueType,valueNote,insurerPersonLocal,insurerPersonShared,insurerOrganizationLocal,insurerOrganizationShared,insuranceNote,insurancePolicyNumber,insuranceRenewalDate
