"Before importing CSV, delete initial column and rows above the CSVHEADER row","","","","","","","","","","","","","","","","","","","","","","","","","","","","","","","","","","","","","","","","","","","","","","","","","","","","","","","","","","",""
REQUIRED,y,n,n,n,n,n,n,n,n,n,n,n,n,n,n,n,n,n,n,n,n,n,n,n,n,n,n,n,n,n,n,n,n,n,n,n,n,n,n,n,n,n,n,n,n,n,n,n,n,n,n,n,n,n,n,n,n,n,n
DATA TYPE,string,string,string,string,string,string,string,string,boolean,string,string,structured date group,string,string,string,string,string,string,string,string,string,string,string,string,string,structured date group,string,string,string,string,string,string,string,string,string,string,string,string,string,string,float,float,string,integer,string,string,string,string,string,string,string,string,string,structured date group,string,string,string,string,string
REPEATABLE FIELD?,n,n,n,n,n,n,n,n,n,n,n,n,n,n,n,n,n,y,y,n,n,n,n,n,n,n,n,n,n,n,n,n,n,n,n,n,n,n,n,n,n,n,n,n,n,n,n,n,n,n,n,n,n,n,n,n,n,n,n
REPEATING FIELD GROUP,placeTermGroupList < placeTermGroup,placeTermGroupList < placeTermGroup,placeTermGroupList < placeTermGroup,placeTermGroupList < placeTermGroup,placeTermGroupList < placeTermGroup,placeTermGroupList < placeTermGroup,placeTermGroupList < placeTermGroup,placeTermGroupList < placeTermGroup,placeTermGroupList < placeTermGroup,placeTermGroupList < placeTermGroup,placeTermGroupList < placeTermGroup,placeTermGroupList < placeTermGroup,placeTermGroupList < placeTermGroup,placeTermGroupList < placeTermGroup,placeTermGroupList < placeTermGroup,placeTermGroupList < placeTermGroup,placeTermGroupList < placeTermGroup,"","","",publicartPlaceOwnerGroupList < publicartPlaceOwnerGroup,publicartPlaceOwnerGroupList < publicartPlaceOwnerGroup,publicartPlaceOwnerGroupList < publicartPlaceOwnerGroup,publicartPlaceOwnerGroupList < publicartPlaceOwnerGroup,publicartPlaceOwnerGroupList < publicartPlaceOwnerGroup,publicartPlaceOwnerGroupList < publicartPlaceOwnerGroup,publicartPlaceOwnerGroupList < publicartPlaceOwnerGroup,"",addrGroupList < addrGroup,addrGroupList < addrGroup,addrGroupList < addrGroup,addrGroupList < addrGroup,addrGroupList < addrGroup,addrGroupList < addrGroup,addrGroupList < addrGroup,addrGroupList < addrGroup,addrGroupList < addrGroup,addrGroupList < addrGroup,addrGroupList < addrGroup,addrGroupList < addrGroup,placeGeoRefGroupList < placeGeoRefGroup,placeGeoRefGroupList < placeGeoRefGroup,placeGeoRefGroupList < placeGeoRefGroup,placeGeoRefGroupList < placeGeoRefGroup,placeGeoRefGroupList < placeGeoRefGroup,placeGeoRefGroupList < placeGeoRefGroup,placeGeoRefGroupList < placeGeoRefGroup,placeGeoRefGroupList < placeGeoRefGroup,placeGeoRefGroupList < placeGeoRefGroup,placeGeoRefGroupList < placeGeoRefGroup,placeGeoRefGroupList < placeGeoRefGroup,placeGeoRefGroupList < placeGeoRefGroup,placeGeoRefGroupList < placeGeoRefGroup,placeGeoRefGroupList < placeGeoRefGroup,placeGeoRefGroupList < placeGeoRefGroup,placeGeoRefGroupList < placeGeoRefGroup,placeGeoRefGroupList < placeGeoRefGroup,placeGeoRefGroupList < placeGeoRefGroup,placeGeoRefGroupList < placeGeoRefGroup
VALUE SOURCE TYPE,na,na,na,optionlist,optionlist,vocabulary,optionlist,vocabulary,na,na,na,na,authority,authority,na,na,na,vocabulary,vocabulary,optionlist,authority,authority,authority,authority,optionlist,na,na,na,na,na,authority,authority,authority,authority,authority,authority,na,authority,authority,vocabulary,na,na,optionlist,na,na,na,na,na,na,authority,authority,authority,authority,na,optionlist,na,optionlist,na,na
VALUE SOURCE,"","","","accepted, provisional, rejected, under review","common, descriptive, local, native, non-native, spelling-variant, technical-scientific",placetermflag,"both, current, historical",languages,"","","","",citation/local,citation/worldcat,"","","",placementtypes,placetypes,"both, indoor, outdoor",person/local,person/shared,organization/local,organization/shared,"private, public","","","","","",place/local,place/shared,place/local,place/shared,place/local,place/shared,"",place/local,place/shared,addresstype,"","","epsg4267-nad27, epsg4269-nad83, epsg4326-wgs84, unknown","","","","","","",person/local,person/shared,organization/local,organization/shared,"","biogeomancer, chapman-wieczorek-2006-guide-best-practices-georeferencing, georeferencing-dummies, manis-herpnet-ornis-georeferencing-guidelines","","unverified, verified-contributor, verified-data-custodian","",""
CSVHEADER,termDisplayName,termName,termQualifier,termStatus,termType,termFlag,historicalStatus,termLanguage,termPrefForLang,nameAbbrev,nameNote,nameDateGroup,termSourceCitationLocal,termSourceCitationWorldcat,termSourceDetail,termSourceID,termSourceNote,placementType,publicArtPlaceType,placementEnvironment,ownerPersonLocal,ownerPersonShared,ownerOrganizationLocal,ownerOrganizationShared,ownerType,ownershipDateGroup,ownershipNote,placeNote,addressPlace1,addressPlace2,addressMunicipalityPlaceLocal,addressMunicipalityPlaceShared,addressCountyPlaceLocal,addressCountyPlaceShared,addressStateOrProvincePlaceLocal,addressStateOrProvincePlaceShared,addressPostCode,addressCountryPlaceLocal,addressCountryPlaceShared,addressType,decimalLatitude,decimalLongitude,geodeticDatum,coordUncertaintyInMeters,coordPrecision,pointRadiusSpatialFit,footprintWKT,footprintSRS,footprintSpatialFit,geoReferencedByPersonLocal,geoReferencedByPersonShared,geoReferencedByOrganizationLocal,geoReferencedByOrganizationShared,geoRefDateGroup,geoRefProtocol,geoRefSource,geoRefVerificationStatus,geoRefRemarks,geoRefPlaceName
