"Before importing CSV, delete initial column and rows above the CSVHEADER row","","","","","","","","","","","","","","","","","","","","","","","","","","","","","","","","","","","","","","","",""
REQUIRED,y,n,n,n,n,n,n,n,n,n,n,n,n,n,n,n,n,n,n,n,n,n,n,n,n,n,n,n,n,n,n,n,n,n,n,n,n,n,n,n
DATA TYPE,string,date,string,date,date,string,string,string,string,string,string,string,string,string,string,string,string,string,date,string,string,string,float,string,string,string,string,string,string,string,string,string,string,structured date group,string,string,string,float,string,float
REPEATABLE FIELD?,n,n,n,n,y,n,y,y,y,y,y,y,y,y,n,n,n,n,n,n,n,n,n,n,n,n,n,n,n,y,y,y,y,n,n,n,n,n,n,n
REPEATING FIELD GROUP,"","","","","","","","","","","","","","","",approvalGroupList < approvalGroup,approvalGroupList < approvalGroup,approvalGroupList < approvalGroup,approvalGroupList < approvalGroup,approvalGroupList < approvalGroup,"",acquisitionFundingList < acquisitionFunding,acquisitionFundingList < acquisitionFunding,acquisitionFundingList < acquisitionFunding,acquisitionFundingList < acquisitionFunding,acquisitionFundingList < acquisitionFunding,acquisitionFundingList < acquisitionFunding,acquisitionFundingList < acquisitionFunding,"","","","","","",commissionBudgetGroupList < commissionBudgetGroup,commissionBudgetGroupList < commissionBudgetGroup,commissionBudgetGroupList < commissionBudgetGroup,commissionBudgetGroupList < commissionBudgetGroup,commissionBudgetGroupList < commissionBudgetGroup,commissionBudgetGroupList < commissionBudgetGroup
VALUE SOURCE TYPE,na,na,authority,na,na,vocabulary,authority,authority,authority,authority,authority,authority,authority,authority,na,vocabulary,authority,vocabulary,na,na,na,vocabulary,na,authority,authority,authority,authority,na,na,authority,authority,authority,authority,na,vocabulary,na,vocabulary,na,vocabulary,na
VALUE SOURCE,"","",person/local,"","",acquisitionmethod,person/local,person/shared,organization/local,organization/shared,person/local,person/shared,organization/local,organization/shared,"",deaccessionapprovalgroup,person/local,deaccessionapprovalstatus,"","","",currency,"",person/local,person/shared,organization/local,organization/shared,"","",person/local,person/shared,organization/local,organization/shared,"",budgettype,"",currency,"",currency,""
CSVHEADER,acquisitionReferenceNumber,accessionDate,acquisitionAuthorizerPersonLocal,acquisitionAuthorizerDate,acquisitionDate,acquisitionMethod,acquisitionSourcePersonLocal,acquisitionSourcePersonShared,acquisitionSourceOrganizationLocal,acquisitionSourceOrganizationShared,ownerPersonLocal,ownerPersonShared,ownerOrganizationLocal,ownerOrganizationShared,acquisitionReason,approvalGroup,approvalIndividualPersonLocal,approvalStatus,approvalDate,approvalNote,acquisitionNote,acquisitionFundingCurrency,acquisitionFundingValue,acquisitionFundingSourcePersonLocal,acquisitionFundingSourcePersonShared,acquisitionFundingSourceOrganizationLocal,acquisitionFundingSourceOrganizationShared,acquisitionFundingSourceProvisos,creditLine,commissioningBodyPersonLocal,commissioningBodyPersonShared,commissioningBodyOrganizationLocal,commissioningBodyOrganizationShared,commissionDate,commissionBudgetType,commissionBudgetTypeNote,commissionProjectedValueCurrency,commissionProjectedValueAmount,commissionActualValueCurrency,commissionActualValueAmount
