"Before importing CSV, delete initial column and rows above the CSVHEADER row","","","","","","","","","","","","","","","","","","","",""
REQUIRED,y,n,n,n,n,n,n,n,n,n,n,n,n,n,n,n,n,n,n,n
DATA TYPE,string,string,string,string,string,string,date,string,string,string,string,string,string,string,date,string,string,date,date,string
REPEATABLE FIELD?,n,n,n,n,n,n,n,n,n,n,n,n,n,n,n,n,n,n,n,n
REPEATING FIELD GROUP,"","",loanStatusGroupList < loanStatusGroup,loanStatusGroupList < loanStatusGroup,loanStatusGroupList < loanStatusGroup,loanStatusGroupList < loanStatusGroup,loanStatusGroupList < loanStatusGroup,loanStatusGroupList < loanStatusGroup,lenderGroupList < lenderGroup,lenderGroupList < lenderGroup,lenderGroupList < lenderGroup,lenderGroupList < lenderGroup,lenderGroupList < lenderGroup,lenderGroupList < lenderGroup,lenderGroupList < lenderGroup,"","","","",""
VALUE SOURCE TYPE,na,optionlist,vocabulary,authority,authority,vocabulary,na,na,authority,authority,authority,authority,authority,authority,na,na,na,na,na,na
VALUE SOURCE,"","analysis, conservationotherrequestedservices, exhibition, longtermcollectionsmanagementandstorage, photography, research, scientificorexhibitpreparation",deaccessionapprovalgroup,person/local,person/shared,loanoutstatus,"","",person/local,person/shared,organization/local,organization/shared,person/local,person/shared,"","","","","",""
CSVHEADER,loanInNumber,loanPurpose,loanGroup,loanIndividualPersonLocal,loanIndividualPersonShared,loanStatus,loanStatusDate,loanStatusNote,lenderPersonLocal,lenderPersonShared,lenderOrganizationLocal,lenderOrganizationShared,lendersContactPersonLocal,lendersContactPersonShared,lendersAuthorizationDate,loanInConditions,loanInNote,loanInDate,loanReturnDate,creditLine
