"Before importing CSV, delete initial column and rows above the CSVHEADER row","","","","","","","","","","","","","","","","","","","","","","","","","","","","","","",""
REQUIRED,y,n,n,n,n,n,n,n,n,n,n,n,n,n,n,n,n,n,n,n,n,n,n,n,n,n,n,n,n,n,n
DATA TYPE,string,string,string,string,string,string,string,string,string,string,string,string,string,string,string,string,string,string,string,date,date,string,string,string,string,string,string,string,structured date group,structured date group,string
REPEATABLE FIELD?,n,n,n,n,n,n,n,n,y,y,y,y,y,n,n,n,n,n,n,n,n,n,n,n,n,n,n,n,n,n,n
REPEATING FIELD GROUP,"","","",exhibitionSupportGroupList < exhibitionSupportGroup,exhibitionSupportGroupList < exhibitionSupportGroup,exhibitionSupportGroupList < exhibitionSupportGroup,exhibitionSupportGroupList < exhibitionSupportGroup,exhibitionSupportGroupList < exhibitionSupportGroup,"","","","","",venueGroupList < venueGroup,venueGroupList < venueGroup,venueGroupList < venueGroup,venueGroupList < venueGroup,venueGroupList < venueGroup,venueGroupList < venueGroup,venueGroupList < venueGroup,venueGroupList < venueGroup,venueGroupList < venueGroup,venueGroupList < venueGroup,"","","","",galleryRotationGroupList < galleryRotationGroup,galleryRotationGroupList < galleryRotationGroup,galleryRotationGroupList < galleryRotationGroup,galleryRotationGroupList < galleryRotationGroup
VALUE SOURCE TYPE,na,vocabulary,na,authority,authority,authority,authority,na,authority,authority,authority,authority,vocabulary,authority,authority,authority,authority,authority,authority,na,na,na,na,na,na,na,na,na,na,na,na
VALUE SOURCE,"",exhibitiontype,"",person/local,person/shared,organization/local,organization/shared,"",person/local,person/shared,organization/local,organization/shared,publishto,organization/local,organization/shared,location/local,location/offsite,place/local,place/shared,"","","","","","","","","","","",""
CSVHEADER,exhibitionNumber,type,title,exhibitionSupportPersonLocal,exhibitionSupportPersonShared,exhibitionSupportOrganizationLocal,exhibitionSupportOrganizationShared,exhibitionSupportNote,organizerPersonLocal,organizerPersonShared,organizerOrganizationLocal,organizerOrganizationShared,publishTo,venueOrganizationLocal,venueOrganizationShared,venueLocationLocal,venueLocationOffsite,venuePlaceLocal,venuePlaceShared,venueOpeningDate,venueClosingDate,venueAttendance,venueUrl,planningNote,curatorialNote,generalNote,boilerplateText,galleryRotationName,galleryRotationStartDateGroup,galleryRotationEndDateGroup,galleryRotationNote
