"Before importing CSV, delete initial column and rows above the CSVHEADER row","","","","","","","","","","","","","","","","","","","","","","","","","","","","","","","","","","","","","","","","","","","","","",""
REQUIRED,y,n,n,n,n,n,n,n,n,n,n,n,n,n,n,n,n,n,n,n,n,n,n,n,n,n,n,n,n,n,n,n,n,n,n,n,n,n,n,n,n,n,n,n,n,n
DATA TYPE,string,date,string,string,date,string,string,string,string,string,string,string,string,string,string,string,string,string,date,string,string,string,string,string,string,string,string,string,string,string,date,string,string,string,string,string,string,string,string,string,string,string,string,date,string,string
REPEATABLE FIELD?,n,n,n,y,n,y,y,y,y,n,n,n,n,n,n,n,n,n,n,n,n,n,n,n,n,n,n,n,n,n,n,n,n,n,n,n,n,y,y,y,y,y,y,n,n,n
REPEATING FIELD GROUP,"","","","","","","","","",depositorGroupList < depositorGroup,depositorGroupList < depositorGroup,depositorGroupList < depositorGroup,depositorGroupList < depositorGroup,depositorGroupList < depositorGroup,approvalGroupList < approvalGroup,approvalGroupList < approvalGroup,approvalGroupList < approvalGroup,approvalGroupList < approvalGroup,approvalGroupList < approvalGroup,approvalGroupList < approvalGroup,"","",currentLocationGroupList < currentLocationGroup,currentLocationGroupList < currentLocationGroup,currentLocationGroupList < currentLocationGroup,currentLocationGroupList < currentLocationGroup,currentLocationGroupList < currentLocationGroup,currentLocationGroupList < currentLocationGroup,currentLocationGroupList < currentLocationGroup,currentLocationGroupList < currentLocationGroup,"","","","","","","","","","","","","","","",""
VALUE SOURCE TYPE,na,na,optionlist,vocabulary,na,authority,authority,authority,authority,authority,authority,authority,authority,na,vocabulary,authority,authority,vocabulary,na,na,na,na,authority,authority,authority,authority,authority,authority,vocabulary,na,na,authority,authority,authority,authority,authority,authority,vocabulary,vocabulary,authority,authority,authority,authority,na,na,na
VALUE SOURCE,"","","commission, consideration, enquiry, loan",entrymethod,"",person/local,person/shared,organization/local,organization/shared,person/local,person/shared,organization/local,organization/shared,"",deaccessionapprovalgroup,person/local,person/shared,deaccessionapprovalstatus,"","","","",location/local,location/offsite,organization/local,organization/shared,place/local,place/shared,conditionfitness,"","",location/local,location/offsite,organization/local,organization/shared,place/local,place/shared,conditioncheckmethod,conditioncheckreason,person/local,person/shared,organization/local,organization/shared,"","",""
CSVHEADER,entryNumber,entryDate,entryReason,entryMethod,returnDate,currentOwnerPersonLocal,currentOwnerPersonShared,currentOwnerOrganizationLocal,currentOwnerOrganizationShared,depositorPersonLocal,depositorPersonShared,depositorOrganizationLocal,depositorOrganizationShared,depositorsRequirements,approvalGroup,approvalIndividualPersonLocal,approvalIndividualPersonShared,approvalStatus,approvalDate,approvalNote,entryNote,packingNote,currentLocationLocationLocal,currentLocationLocationOffsite,currentLocationOrganizationLocal,currentLocationOrganizationShared,currentLocationPlaceLocal,currentLocationPlaceShared,currentLocationFitness,currentLocationNote,locationDate,normalLocationLocationLocal,normalLocationLocationOffsite,normalLocationOrganizationLocal,normalLocationOrganizationShared,normalLocationPlaceLocal,normalLocationPlaceShared,conditionCheckMethod,conditionCheckReason,conditionCheckerOrAssessorPersonLocal,conditionCheckerOrAssessorPersonShared,conditionCheckerOrAssessorOrganizationLocal,conditionCheckerOrAssessorOrganizationShared,conditionCheckDate,conditionCheckReferenceNumber,conditionCheckNote
